<?xml version="1.0" encoding="UTF-8"?>
<export version="D">
  <design>
    <source>C:\Users\manue\Documents\UCM Investigación\KiCad Projects\SolarNode\SolarNode.sch</source>
    <date>16/10/2017 14:42:07</date>
    <tool>Eeschema 4.0.7</tool>
    <sheet number="1" name="/" tstamps="/">
      <title_block>
        <title/>
        <company/>
        <rev/>
        <date/>
        <source>SolarNode.sch</source>
        <comment number="1" value=""/>
        <comment number="2" value=""/>
        <comment number="3" value=""/>
        <comment number="4" value=""/>
      </title_block>
    </sheet>
  </design>
  <components>
    <comp ref="U3">
      <value>LoPy</value>
      <footprint>SolarNodeFootprints:LoPy</footprint>
      <libsource lib="SolarNode" part="LoPy"/>
      <sheetpath names="/" tstamps="/"/>
      <tstamp>59CA3D16</tstamp>
    </comp>
    <comp ref="U4">
      <value>LMR982</value>
      <footprint>SolarNodeFootprints:MSOP10</footprint>
      <libsource lib="SolarNode" part="LMR982"/>
      <sheetpath names="/" tstamps="/"/>
      <tstamp>59CA4DE9</tstamp>
    </comp>
    <comp ref="SC1">
      <value>Solar_Cell</value>
      <footprint>Connectors_JST:JST_PH_S2B-PH-SM4-TB_02x2.00mm_Angled</footprint>
      <libsource lib="device" part="Solar_Cell"/>
      <sheetpath names="/" tstamps="/"/>
      <tstamp>59CA80E2</tstamp>
    </comp>
    <comp ref="R18">
      <value>Rp</value>
      <footprint>Resistors_THT:R_Axial_DIN0207_L6.3mm_D2.5mm_P10.16mm_Horizontal</footprint>
      <libsource lib="device" part="R"/>
      <sheetpath names="/" tstamps="/"/>
      <tstamp>59CA814D</tstamp>
    </comp>
    <comp ref="R17">
      <value>Rf</value>
      <footprint>Resistors_THT:R_Axial_DIN0207_L6.3mm_D2.5mm_P10.16mm_Horizontal</footprint>
      <libsource lib="device" part="R"/>
      <sheetpath names="/" tstamps="/"/>
      <tstamp>59CA81BC</tstamp>
    </comp>
    <comp ref="R15">
      <value>1153</value>
      <footprint>Resistors_SMD:R_0805_HandSoldering</footprint>
      <libsource lib="device" part="R"/>
      <sheetpath names="/" tstamps="/"/>
      <tstamp>59CAFB68</tstamp>
    </comp>
    <comp ref="R16">
      <value>5602</value>
      <footprint>Resistors_SMD:R_0805_HandSoldering</footprint>
      <libsource lib="device" part="R"/>
      <sheetpath names="/" tstamps="/"/>
      <tstamp>59CAFBCB</tstamp>
    </comp>
    <comp ref="J2">
      <value>microUSB CHRG</value>
      <footprint>Connectors:USB_Micro-B</footprint>
      <libsource lib="conn" part="USB_OTG"/>
      <sheetpath names="/" tstamps="/"/>
      <tstamp>59CB4C3E</tstamp>
    </comp>
    <comp ref="J1">
      <value>DCIN</value>
      <footprint>Connectors:BARREL_JACK</footprint>
      <libsource lib="conn" part="Jack-DC"/>
      <sheetpath names="/" tstamps="/"/>
      <tstamp>59CB4DC8</tstamp>
    </comp>
    <comp ref="D1">
      <value>MBR120VLSFT1G</value>
      <footprint>SolarNodeFootprints:D_SOD-123FL</footprint>
      <libsource lib="device" part="D"/>
      <sheetpath names="/" tstamps="/"/>
      <tstamp>59CB4FC6</tstamp>
    </comp>
    <comp ref="C4">
      <value>4700uF/10V</value>
      <footprint>Capacitors_THT:CP_Radial_D13.0mm_P5.00mm</footprint>
      <libsource lib="device" part="CP1"/>
      <sheetpath names="/" tstamps="/"/>
      <tstamp>59CB5081</tstamp>
    </comp>
    <comp ref="R3">
      <value>1001</value>
      <footprint>Resistors_SMD:R_0805_HandSoldering</footprint>
      <libsource lib="device" part="R"/>
      <sheetpath names="/" tstamps="/"/>
      <tstamp>59CB5D16</tstamp>
    </comp>
    <comp ref="R1">
      <value>000</value>
      <footprint>Resistors_SMD:R_0805_HandSoldering</footprint>
      <libsource lib="device" part="R"/>
      <sheetpath names="/" tstamps="/"/>
      <tstamp>59CB8212</tstamp>
    </comp>
    <comp ref="R6">
      <value>1001</value>
      <footprint>Resistors_SMD:R_0805_HandSoldering</footprint>
      <libsource lib="device" part="R"/>
      <sheetpath names="/" tstamps="/"/>
      <tstamp>59CBA9EB</tstamp>
    </comp>
    <comp ref="R9">
      <value>1001</value>
      <footprint>Resistors_SMD:R_0805_HandSoldering</footprint>
      <libsource lib="device" part="R"/>
      <sheetpath names="/" tstamps="/"/>
      <tstamp>59CBAAB6</tstamp>
    </comp>
    <comp ref="D2">
      <value>ORANGE</value>
      <footprint>LEDs:LED_0805_HandSoldering</footprint>
      <libsource lib="device" part="LED"/>
      <sheetpath names="/" tstamps="/"/>
      <tstamp>59CBABE4</tstamp>
    </comp>
    <comp ref="D3">
      <value>GREEN</value>
      <footprint>LEDs:LED_0805_HandSoldering</footprint>
      <libsource lib="device" part="LED"/>
      <sheetpath names="/" tstamps="/"/>
      <tstamp>59CBAD3E</tstamp>
    </comp>
    <comp ref="D4">
      <value>RED</value>
      <footprint>LEDs:LED_0805_HandSoldering</footprint>
      <libsource lib="device" part="LED"/>
      <sheetpath names="/" tstamps="/"/>
      <tstamp>59CBAE22</tstamp>
    </comp>
    <comp ref="R10">
      <value>2703</value>
      <footprint>Resistors_SMD:R_0805_HandSoldering</footprint>
      <libsource lib="device" part="R"/>
      <sheetpath names="/" tstamps="/"/>
      <tstamp>59CBBF66</tstamp>
    </comp>
    <comp ref="R11">
      <value>104</value>
      <footprint>Resistors_SMD:R_0805_HandSoldering</footprint>
      <libsource lib="device" part="R"/>
      <sheetpath names="/" tstamps="/"/>
      <tstamp>59CBC104</tstamp>
    </comp>
    <comp ref="U2">
      <value>MCP73871</value>
      <footprint>SolarNodeFootprints:QFN-20-1EP_4x4mm_Pitch0.5mm</footprint>
      <libsource lib="SolarNode" part="MCP73871"/>
      <sheetpath names="/" tstamps="/"/>
      <tstamp>59CBDB55</tstamp>
    </comp>
    <comp ref="R12">
      <value>104</value>
      <footprint>Resistors_SMD:R_0805_HandSoldering</footprint>
      <libsource lib="device" part="R"/>
      <sheetpath names="/" tstamps="/"/>
      <tstamp>59CC1BF6</tstamp>
    </comp>
    <comp ref="PROG1">
      <value>2001</value>
      <footprint>SolarNodeFootprints:R_0805_SMD_THT_HandSoldering</footprint>
      <libsource lib="device" part="R"/>
      <sheetpath names="/" tstamps="/"/>
      <tstamp>59CC1DB2</tstamp>
    </comp>
    <comp ref="R14">
      <value>1001</value>
      <footprint>Resistors_SMD:R_0805_HandSoldering</footprint>
      <libsource lib="device" part="R"/>
      <sheetpath names="/" tstamps="/"/>
      <tstamp>59CC69DE</tstamp>
    </comp>
    <comp ref="J7">
      <value>BATT</value>
      <footprint>Connectors_JST:JST_PH_S2B-PH-SM4-TB_02x2.00mm_Angled</footprint>
      <libsource lib="conn" part="Conn_01x02"/>
      <sheetpath names="/" tstamps="/"/>
      <tstamp>59CC8478</tstamp>
    </comp>
    <comp ref="RT1">
      <value>1503</value>
      <footprint>Resistors_SMD:R_0805_HandSoldering</footprint>
      <libsource lib="device" part="R"/>
      <sheetpath names="/" tstamps="/"/>
      <tstamp>59CCB360</tstamp>
    </comp>
    <comp ref="R7">
      <value>1053</value>
      <footprint>Resistors_SMD:R_0805_HandSoldering</footprint>
      <libsource lib="device" part="R"/>
      <sheetpath names="/" tstamps="/"/>
      <tstamp>59CD97A1</tstamp>
    </comp>
    <comp ref="U1">
      <value>TPS63060</value>
      <footprint>SolarNodeFootprints:S-PWSON-N10</footprint>
      <libsource lib="SolarNode" part="TPS63060"/>
      <sheetpath names="/" tstamps="/"/>
      <tstamp>59CDFA68</tstamp>
    </comp>
    <comp ref="L1">
      <value>NRS5030T1R0NMGJ</value>
      <footprint>Inductors_SMD:L_Taiyo-Yuden_NR-50xx_HandSoldering</footprint>
      <libsource lib="device" part="L"/>
      <sheetpath names="/" tstamps="/"/>
      <tstamp>59CE0501</tstamp>
    </comp>
    <comp ref="C1">
      <value>10uF/16V X5R</value>
      <footprint>Capacitors_SMD:C_0805_HandSoldering</footprint>
      <libsource lib="device" part="C"/>
      <sheetpath names="/" tstamps="/"/>
      <tstamp>59CE2C50</tstamp>
    </comp>
    <comp ref="C2">
      <value>10uF/16V X5R</value>
      <footprint>Capacitors_SMD:C_0805_HandSoldering</footprint>
      <libsource lib="device" part="C"/>
      <sheetpath names="/" tstamps="/"/>
      <tstamp>59CE2DD1</tstamp>
    </comp>
    <comp ref="C3">
      <value>0.1uF</value>
      <footprint>Capacitors_SMD:C_0805_HandSoldering</footprint>
      <libsource lib="device" part="C"/>
      <sheetpath names="/" tstamps="/"/>
      <tstamp>59CE2EF0</tstamp>
    </comp>
    <comp ref="R2">
      <value>1053</value>
      <footprint>Resistors_SMD:R_0805_HandSoldering</footprint>
      <libsource lib="device" part="R"/>
      <sheetpath names="/" tstamps="/"/>
      <tstamp>59CEB97B</tstamp>
    </comp>
    <comp ref="R4">
      <value>105</value>
      <footprint>Resistors_SMD:R_0805_HandSoldering</footprint>
      <libsource lib="device" part="R"/>
      <sheetpath names="/" tstamps="/"/>
      <tstamp>59CEE9F6</tstamp>
    </comp>
    <comp ref="R5">
      <value>1053</value>
      <footprint>Resistors_SMD:R_0805_HandSoldering</footprint>
      <libsource lib="device" part="R"/>
      <sheetpath names="/" tstamps="/"/>
      <tstamp>59CEEAFD</tstamp>
    </comp>
    <comp ref="R8">
      <value>105</value>
      <footprint>Resistors_SMD:R_0805_HandSoldering</footprint>
      <libsource lib="device" part="R"/>
      <sheetpath names="/" tstamps="/"/>
      <tstamp>59CEEBFE</tstamp>
    </comp>
    <comp ref="R13">
      <value>1001</value>
      <footprint>Resistors_SMD:R_0805_HandSoldering</footprint>
      <libsource lib="device" part="R"/>
      <sheetpath names="/" tstamps="/"/>
      <tstamp>59CEECE2</tstamp>
    </comp>
    <comp ref="C6">
      <value>10pF</value>
      <footprint>Capacitors_SMD:C_0805_HandSoldering</footprint>
      <libsource lib="device" part="C"/>
      <sheetpath names="/" tstamps="/"/>
      <tstamp>59CEEDA0</tstamp>
    </comp>
    <comp ref="C7">
      <value>1uF/10V X5R</value>
      <footprint>Capacitors_SMD:C_0805_HandSoldering</footprint>
      <libsource lib="device" part="C"/>
      <sheetpath names="/" tstamps="/"/>
      <tstamp>59CEEEA3</tstamp>
    </comp>
    <comp ref="C8">
      <value>22uF/10V X5R</value>
      <footprint>Capacitors_SMD:C_0805_HandSoldering</footprint>
      <libsource lib="device" part="C"/>
      <sheetpath names="/" tstamps="/"/>
      <tstamp>59CEEFE2</tstamp>
    </comp>
    <comp ref="D5">
      <value>GREEN</value>
      <footprint>LEDs:LED_0805_HandSoldering</footprint>
      <libsource lib="device" part="LED"/>
      <sheetpath names="/" tstamps="/"/>
      <tstamp>59CF0979</tstamp>
    </comp>
    <comp ref="Q1">
      <value>BSS138</value>
      <footprint>TO_SOT_Packages_SMD:SOT-23</footprint>
      <libsource lib="transistors" part="BSS138"/>
      <sheetpath names="/" tstamps="/"/>
      <tstamp>59CF1269</tstamp>
    </comp>
    <comp ref="C9">
      <value>22uF/10V X5R</value>
      <footprint>Capacitors_SMD:C_0805_HandSoldering</footprint>
      <libsource lib="device" part="C"/>
      <sheetpath names="/" tstamps="/"/>
      <tstamp>59D0B9BE</tstamp>
    </comp>
    <comp ref="C10">
      <value>22uF/10V X5R</value>
      <footprint>Capacitors_SMD:C_0805_HandSoldering</footprint>
      <libsource lib="device" part="C"/>
      <sheetpath names="/" tstamps="/"/>
      <tstamp>59D0BAC3</tstamp>
    </comp>
    <comp ref="J8">
      <value>PyraADC Conn</value>
      <footprint>Pin_Headers:Pin_Header_Straight_1x05_Pitch2.54mm</footprint>
      <libsource lib="conn" part="Conn_01x05"/>
      <sheetpath names="/" tstamps="/"/>
      <tstamp>59D3C468</tstamp>
    </comp>
    <comp ref="J6">
      <value>DHT22 Conn</value>
      <footprint>Pin_Headers:Pin_Header_Straight_1x03_Pitch2.54mm</footprint>
      <libsource lib="conn" part="Conn_01x03"/>
      <sheetpath names="/" tstamps="/"/>
      <tstamp>59CE8385</tstamp>
    </comp>
    <comp ref="THERM1">
      <value>3950 NTC</value>
      <footprint>SolarNodeFootprints:R_0805_SMD_THT_HandSoldering</footprint>
      <libsource lib="device" part="Thermistor_NTC"/>
      <sheetpath names="/" tstamps="/"/>
      <tstamp>59CE924E</tstamp>
    </comp>
    <comp ref="J5">
      <value>DS18B20 Conn</value>
      <footprint>Pin_Headers:Pin_Header_Straight_1x03_Pitch2.54mm</footprint>
      <libsource lib="conn" part="Conn_01x03"/>
      <sheetpath names="/" tstamps="/"/>
      <tstamp>59CED7E5</tstamp>
    </comp>
    <comp ref="J4">
      <value>Charger</value>
      <footprint>Pin_Headers:Pin_Header_Straight_1x08_Pitch2.54mm</footprint>
      <libsource lib="conn" part="Conn_01x08"/>
      <sheetpath names="/" tstamps="/"/>
      <tstamp>59CF9BA4</tstamp>
    </comp>
    <comp ref="J3">
      <value>DC-DC</value>
      <footprint>Pin_Headers:Pin_Header_Straight_1x06_Pitch2.54mm</footprint>
      <libsource lib="conn" part="Conn_01x06"/>
      <sheetpath names="/" tstamps="/"/>
      <tstamp>59CFF500</tstamp>
    </comp>
    <comp ref="C5">
      <value>10uF/10V</value>
      <footprint>Capacitors_SMD:C_0805_HandSoldering</footprint>
      <libsource lib="device" part="C"/>
      <sheetpath names="/" tstamps="/"/>
      <tstamp>59D359B4</tstamp>
    </comp>
    <comp ref="C11">
      <value>10uF</value>
      <footprint>Capacitors_SMD:C_0805_HandSoldering</footprint>
      <libsource lib="device" part="C"/>
      <sheetpath names="/" tstamps="/"/>
      <tstamp>59D36FAB</tstamp>
    </comp>
    <comp ref="C12">
      <value>10uF</value>
      <footprint>Capacitors_SMD:C_0805_HandSoldering</footprint>
      <libsource lib="device" part="C"/>
      <sheetpath names="/" tstamps="/"/>
      <tstamp>59D370AA</tstamp>
    </comp>
  </components>
  <libparts>
    <libpart lib="transistors" part="BSS138">
      <aliases>
        <alias>2N7002</alias>
        <alias>MMBF170</alias>
      </aliases>
      <description>50V Vds, 0.22 A Id, N-channel MOSFET, SOT-23</description>
      <docs>https://www.fairchildsemi.com/datasheets/BS/BSS138.pdf</docs>
      <footprints>
        <fp>SOT?23*</fp>
      </footprints>
      <fields>
        <field name="Reference">Q</field>
        <field name="Value">BSS138</field>
        <field name="Footprint">TO_SOT_Packages_SMD:SOT-23</field>
      </fields>
      <pins>
        <pin num="1" name="G" type="input"/>
        <pin num="2" name="S" type="passive"/>
        <pin num="3" name="D" type="passive"/>
      </pins>
    </libpart>
    <libpart lib="conn" part="Barrel_Jack">
      <aliases>
        <alias>Jack-DC</alias>
      </aliases>
      <description>DC Barrel Jack</description>
      <docs>~</docs>
      <fields>
        <field name="Reference">J</field>
        <field name="Value">Barrel_Jack</field>
      </fields>
      <pins>
        <pin num="1" name="~" type="passive"/>
        <pin num="2" name="~" type="passive"/>
        <pin num="3" name="~" type="passive"/>
      </pins>
    </libpart>
    <libpart lib="device" part="C">
      <description>Unpolarized capacitor</description>
      <footprints>
        <fp>C_*</fp>
      </footprints>
      <fields>
        <field name="Reference">C</field>
        <field name="Value">C</field>
      </fields>
      <pins>
        <pin num="1" name="~" type="passive"/>
        <pin num="2" name="~" type="passive"/>
      </pins>
    </libpart>
    <libpart lib="device" part="CP1">
      <description>Polarised capacitor</description>
      <footprints>
        <fp>CP_*</fp>
      </footprints>
      <fields>
        <field name="Reference">C</field>
        <field name="Value">CP1</field>
      </fields>
      <pins>
        <pin num="1" name="~" type="passive"/>
        <pin num="2" name="~" type="passive"/>
      </pins>
    </libpart>
    <libpart lib="conn" part="Conn_01x02">
      <description>Generic connector, single row, 01x02</description>
      <docs>~</docs>
      <footprints>
        <fp>Connector*:*_??x*mm*</fp>
        <fp>Connector*:*1x??x*mm*</fp>
        <fp>Pin?Header?Straight?1X*</fp>
        <fp>Pin?Header?Angled?1X*</fp>
        <fp>Socket?Strip?Straight?1X*</fp>
        <fp>Socket?Strip?Angled?1X*</fp>
      </footprints>
      <fields>
        <field name="Reference">J</field>
        <field name="Value">Conn_01x02</field>
      </fields>
      <pins>
        <pin num="1" name="Pin_1" type="passive"/>
        <pin num="2" name="Pin_2" type="passive"/>
      </pins>
    </libpart>
    <libpart lib="conn" part="Conn_01x03">
      <description>Generic connector, single row, 01x03</description>
      <docs>~</docs>
      <footprints>
        <fp>Connector*:*_??x*mm*</fp>
        <fp>Connector*:*1x??x*mm*</fp>
        <fp>Pin?Header?Straight?1X*</fp>
        <fp>Pin?Header?Angled?1X*</fp>
        <fp>Socket?Strip?Straight?1X*</fp>
        <fp>Socket?Strip?Angled?1X*</fp>
      </footprints>
      <fields>
        <field name="Reference">J</field>
        <field name="Value">Conn_01x03</field>
      </fields>
      <pins>
        <pin num="1" name="Pin_1" type="passive"/>
        <pin num="2" name="Pin_2" type="passive"/>
        <pin num="3" name="Pin_3" type="passive"/>
      </pins>
    </libpart>
    <libpart lib="conn" part="Conn_01x05">
      <description>Generic connector, single row, 01x05</description>
      <docs>~</docs>
      <footprints>
        <fp>Connector*:*_??x*mm*</fp>
        <fp>Connector*:*1x??x*mm*</fp>
        <fp>Pin?Header?Straight?1X*</fp>
        <fp>Pin?Header?Angled?1X*</fp>
        <fp>Socket?Strip?Straight?1X*</fp>
        <fp>Socket?Strip?Angled?1X*</fp>
      </footprints>
      <fields>
        <field name="Reference">J</field>
        <field name="Value">Conn_01x05</field>
      </fields>
      <pins>
        <pin num="1" name="Pin_1" type="passive"/>
        <pin num="2" name="Pin_2" type="passive"/>
        <pin num="3" name="Pin_3" type="passive"/>
        <pin num="4" name="Pin_4" type="passive"/>
        <pin num="5" name="Pin_5" type="passive"/>
      </pins>
    </libpart>
    <libpart lib="conn" part="Conn_01x06">
      <description>Generic connector, single row, 01x06</description>
      <docs>~</docs>
      <footprints>
        <fp>Connector*:*_??x*mm*</fp>
        <fp>Connector*:*1x??x*mm*</fp>
        <fp>Pin?Header?Straight?1X*</fp>
        <fp>Pin?Header?Angled?1X*</fp>
        <fp>Socket?Strip?Straight?1X*</fp>
        <fp>Socket?Strip?Angled?1X*</fp>
      </footprints>
      <fields>
        <field name="Reference">J</field>
        <field name="Value">Conn_01x06</field>
      </fields>
      <pins>
        <pin num="1" name="Pin_1" type="passive"/>
        <pin num="2" name="Pin_2" type="passive"/>
        <pin num="3" name="Pin_3" type="passive"/>
        <pin num="4" name="Pin_4" type="passive"/>
        <pin num="5" name="Pin_5" type="passive"/>
        <pin num="6" name="Pin_6" type="passive"/>
      </pins>
    </libpart>
    <libpart lib="conn" part="Conn_01x08">
      <description>Generic connector, single row, 01x08</description>
      <docs>~</docs>
      <footprints>
        <fp>Connector*:*_??x*mm*</fp>
        <fp>Connector*:*1x??x*mm*</fp>
        <fp>Pin?Header?Straight?1X*</fp>
        <fp>Pin?Header?Angled?1X*</fp>
        <fp>Socket?Strip?Straight?1X*</fp>
        <fp>Socket?Strip?Angled?1X*</fp>
      </footprints>
      <fields>
        <field name="Reference">J</field>
        <field name="Value">Conn_01x08</field>
      </fields>
      <pins>
        <pin num="1" name="Pin_1" type="passive"/>
        <pin num="2" name="Pin_2" type="passive"/>
        <pin num="3" name="Pin_3" type="passive"/>
        <pin num="4" name="Pin_4" type="passive"/>
        <pin num="5" name="Pin_5" type="passive"/>
        <pin num="6" name="Pin_6" type="passive"/>
        <pin num="7" name="Pin_7" type="passive"/>
        <pin num="8" name="Pin_8" type="passive"/>
      </pins>
    </libpart>
    <libpart lib="device" part="D">
      <description>Diode</description>
      <footprints>
        <fp>TO-???*</fp>
        <fp>*SingleDiode</fp>
        <fp>*_Diode_*</fp>
        <fp>*SingleDiode*</fp>
        <fp>D_*</fp>
      </footprints>
      <fields>
        <field name="Reference">D</field>
        <field name="Value">D</field>
      </fields>
      <pins>
        <pin num="1" name="K" type="passive"/>
        <pin num="2" name="A" type="passive"/>
      </pins>
    </libpart>
    <libpart lib="device" part="L">
      <description>Inductor</description>
      <footprints>
        <fp>Choke_*</fp>
        <fp>*Coil*</fp>
        <fp>Inductor_*</fp>
        <fp>L_*</fp>
      </footprints>
      <fields>
        <field name="Reference">L</field>
        <field name="Value">L</field>
      </fields>
      <pins>
        <pin num="1" name="1" type="passive"/>
        <pin num="2" name="2" type="passive"/>
      </pins>
    </libpart>
    <libpart lib="device" part="LED">
      <description>LED generic</description>
      <footprints>
        <fp>LED*</fp>
      </footprints>
      <fields>
        <field name="Reference">D</field>
        <field name="Value">LED</field>
      </fields>
      <pins>
        <pin num="1" name="K" type="passive"/>
        <pin num="2" name="A" type="passive"/>
      </pins>
    </libpart>
    <libpart lib="SolarNode" part="LMR982">
      <fields>
        <field name="Reference">U</field>
        <field name="Value">LMR982</field>
      </fields>
      <pins>
        <pin num="1" name="OUT1" type="output"/>
        <pin num="2" name="-IN1" type="input"/>
        <pin num="3" name="+IN1" type="input"/>
        <pin num="4" name="VSS" type="output"/>
        <pin num="5" name="~SHDN_1" type="input"/>
        <pin num="6" name="~SHDN_2" type="input"/>
        <pin num="7" name="+IN2" type="input"/>
        <pin num="8" name="-IN2" type="input"/>
        <pin num="9" name="OUT2" type="output"/>
        <pin num="10" name="VDD" type="input"/>
      </pins>
    </libpart>
    <libpart lib="SolarNode" part="LoPy">
      <fields>
        <field name="Reference">U</field>
        <field name="Value">LoPy</field>
      </fields>
      <pins>
        <pin num="1" name="RST" type="input"/>
        <pin num="2" name="P0" type="input"/>
        <pin num="3" name="P1" type="input"/>
        <pin num="4" name="P2" type="input"/>
        <pin num="5" name="P3" type="input"/>
        <pin num="6" name="P4" type="input"/>
        <pin num="7" name="P5" type="input"/>
        <pin num="8" name="P6" type="input"/>
        <pin num="9" name="P7" type="input"/>
        <pin num="10" name="P8" type="input"/>
        <pin num="11" name="P9" type="input"/>
        <pin num="12" name="P10" type="input"/>
        <pin num="13" name="P11" type="input"/>
        <pin num="14" name="P12" type="input"/>
        <pin num="15" name="P13" type="input"/>
        <pin num="16" name="P14" type="input"/>
        <pin num="17" name="P15" type="input"/>
        <pin num="18" name="P16" type="input"/>
        <pin num="19" name="P17" type="input"/>
        <pin num="20" name="P18" type="input"/>
        <pin num="21" name="P19" type="input"/>
        <pin num="22" name="P20" type="input"/>
        <pin num="23" name="P21" type="input"/>
        <pin num="24" name="P22" type="input"/>
        <pin num="25" name="P23" type="input"/>
        <pin num="26" name="3.3V" type="input"/>
        <pin num="27" name="GND" type="input"/>
        <pin num="28" name="Vin" type="input"/>
      </pins>
    </libpart>
    <libpart lib="SolarNode" part="MCP73871">
      <fields>
        <field name="Reference">U</field>
        <field name="Value">MCP73871</field>
      </fields>
      <pins>
        <pin num="1" name="OUT1" type="power_out"/>
        <pin num="2" name="VPCC" type="input"/>
        <pin num="3" name="SEL" type="input"/>
        <pin num="4" name="PROG2" type="input"/>
        <pin num="5" name="THERM" type="BiDi"/>
        <pin num="6" name="~PG" type="output"/>
        <pin num="7" name="STAT2" type="output"/>
        <pin num="8" name="STAT1/~LBO" type="output"/>
        <pin num="9" name="~TE" type="input"/>
        <pin num="10" name="GND1" type="power_out"/>
        <pin num="11" name="GND2" type="power_out"/>
        <pin num="12" name="PROG3" type="BiDi"/>
        <pin num="13" name="PROG1" type="BiDi"/>
        <pin num="14" name="VBAT1" type="BiDi"/>
        <pin num="15" name="VBAT2" type="BiDi"/>
        <pin num="16" name="VBAT3" type="BiDi"/>
        <pin num="17" name="CE" type="input"/>
        <pin num="18" name="IN1" type="input"/>
        <pin num="19" name="IN2" type="input"/>
        <pin num="20" name="OUT2" type="power_out"/>
        <pin num="21" name="GND3" type="power_out"/>
      </pins>
    </libpart>
    <libpart lib="device" part="R">
      <description>Resistor</description>
      <footprints>
        <fp>R_*</fp>
        <fp>R_*</fp>
      </footprints>
      <fields>
        <field name="Reference">R</field>
        <field name="Value">R</field>
      </fields>
      <pins>
        <pin num="1" name="~" type="passive"/>
        <pin num="2" name="~" type="passive"/>
      </pins>
    </libpart>
    <libpart lib="device" part="Solar_Cell">
      <description>single solar cell</description>
      <docs>~</docs>
      <fields>
        <field name="Reference">SC</field>
        <field name="Value">Solar_Cell</field>
      </fields>
      <pins>
        <pin num="1" name="+" type="passive"/>
        <pin num="2" name="-" type="passive"/>
      </pins>
    </libpart>
    <libpart lib="SolarNode" part="TPS63060">
      <fields>
        <field name="Reference">U</field>
        <field name="Value">TPS63060</field>
      </fields>
      <pins>
        <pin num="1" name="L1" type="input"/>
        <pin num="2" name="VIN" type="input"/>
        <pin num="3" name="EN" type="input"/>
        <pin num="4" name="PSYNC" type="input"/>
        <pin num="5" name="PG" type="output"/>
        <pin num="6" name="VAUX" type="passive"/>
        <pin num="7" name="GND" type="passive"/>
        <pin num="8" name="FB" type="input"/>
        <pin num="9" name="VOUT" type="output"/>
        <pin num="10" name="L2" type="input"/>
        <pin num="THER" name="PGND" type="passive"/>
      </pins>
    </libpart>
    <libpart lib="device" part="Thermistor_NTC">
      <description>temperature dependent resistor, negative temperature coefficient (NTC)</description>
      <footprints>
        <fp>*NTC*</fp>
        <fp>*Thermistor*</fp>
        <fp>PIN?ARRAY*</fp>
        <fp>bornier*</fp>
        <fp>*Terminal?Block*</fp>
      </footprints>
      <fields>
        <field name="Reference">TH</field>
        <field name="Value">Thermistor_NTC</field>
      </fields>
      <pins>
        <pin num="1" name="~" type="passive"/>
        <pin num="2" name="~" type="passive"/>
      </pins>
    </libpart>
    <libpart lib="conn" part="USB_OTG">
      <description>USB mini/micro connector</description>
      <footprints>
        <fp>USB*</fp>
      </footprints>
      <fields>
        <field name="Reference">J</field>
        <field name="Value">USB_OTG</field>
      </fields>
      <pins>
        <pin num="1" name="VBUS" type="power_in"/>
        <pin num="2" name="D-" type="passive"/>
        <pin num="3" name="D+" type="passive"/>
        <pin num="4" name="ID" type="passive"/>
        <pin num="5" name="GND" type="power_in"/>
        <pin num="6" name="Shield" type="passive"/>
      </pins>
    </libpart>
  </libparts>
  <libraries>
    <library logical="device">
      <uri>C:\Program Files\KiCad\share\kicad\library\device.lib</uri>
    </library>
    <library logical="transistors">
      <uri>C:\Program Files\KiCad\share\kicad\library\transistors.lib</uri>
    </library>
    <library logical="conn">
      <uri>C:\Program Files\KiCad\share\kicad\library\conn.lib</uri>
    </library>
    <library logical="SolarNode">
      <uri>C:\Users\manue\Documents\UCM Investigación\KiCad Projects\SolarNode\SolarNode.lib</uri>
    </library>
  </libraries>
  <nets>
    <net code="1" name="Net-(R10-Pad1)">
      <node ref="U2" pin="2"/>
      <node ref="R11" pin="2"/>
      <node ref="R10" pin="1"/>
    </net>
    <net code="2" name="Net-(PROG1-Pad2)">
      <node ref="PROG1" pin="2"/>
      <node ref="U2" pin="13"/>
    </net>
    <net code="3" name="Net-(R12-Pad2)">
      <node ref="U2" pin="12"/>
      <node ref="R12" pin="2"/>
    </net>
    <net code="4" name="Net-(D1-Pad2)">
      <node ref="J1" pin="1"/>
      <node ref="D1" pin="2"/>
    </net>
    <net code="5" name="/vBattADC">
      <node ref="R15" pin="1"/>
      <node ref="U3" pin="16"/>
      <node ref="R16" pin="1"/>
    </net>
    <net code="6" name="Net-(R17-Pad2)">
      <node ref="U4" pin="2"/>
      <node ref="R17" pin="2"/>
      <node ref="R18" pin="2"/>
      <node ref="SC1" pin="2"/>
    </net>
    <net code="7" name="Net-(D2-Pad2)">
      <node ref="R3" pin="1"/>
      <node ref="D2" pin="2"/>
    </net>
    <net code="8" name="Net-(D3-Pad2)">
      <node ref="D3" pin="2"/>
      <node ref="R6" pin="1"/>
    </net>
    <net code="9" name="Net-(D4-Pad2)">
      <node ref="R9" pin="1"/>
      <node ref="D4" pin="2"/>
    </net>
    <net code="10" name="Net-(J2-Pad1)">
      <node ref="R1" pin="2"/>
      <node ref="J2" pin="1"/>
    </net>
    <net code="11" name="Net-(C3-Pad1)">
      <node ref="U1" pin="6"/>
      <node ref="C3" pin="1"/>
    </net>
    <net code="12" name="Net-(L1-Pad2)">
      <node ref="U1" pin="10"/>
      <node ref="L1" pin="2"/>
    </net>
    <net code="13" name="Net-(C6-Pad1)">
      <node ref="C6" pin="1"/>
      <node ref="U1" pin="8"/>
      <node ref="R4" pin="2"/>
      <node ref="R5" pin="1"/>
    </net>
    <net code="14" name="Net-(R14-Pad2)">
      <node ref="R14" pin="2"/>
      <node ref="THERM1" pin="1"/>
      <node ref="RT1" pin="2"/>
    </net>
    <net code="15" name="/PWR">
      <node ref="U2" pin="6"/>
      <node ref="D4" pin="1"/>
      <node ref="J4" pin="4"/>
    </net>
    <net code="16" name="Net-(L1-Pad1)">
      <node ref="U1" pin="1"/>
      <node ref="L1" pin="1"/>
    </net>
    <net code="17" name="Net-(J1-Pad2)">
      <node ref="J1" pin="2"/>
      <node ref="J2" pin="6"/>
      <node ref="J2" pin="5"/>
    </net>
    <net code="18" name="GND">
      <node ref="PROG1" pin="1"/>
      <node ref="R12" pin="1"/>
      <node ref="U2" pin="21"/>
      <node ref="R16" pin="2"/>
      <node ref="U4" pin="4"/>
      <node ref="U3" pin="27"/>
      <node ref="C12" pin="2"/>
      <node ref="U2" pin="10"/>
      <node ref="U2" pin="11"/>
      <node ref="R11" pin="1"/>
      <node ref="C1" pin="2"/>
      <node ref="J5" pin="3"/>
      <node ref="C2" pin="2"/>
      <node ref="R5" pin="2"/>
      <node ref="C3" pin="2"/>
      <node ref="C11" pin="2"/>
      <node ref="C4" pin="2"/>
      <node ref="J1" pin="3"/>
      <node ref="C5" pin="2"/>
      <node ref="J6" pin="3"/>
      <node ref="THERM1" pin="2"/>
      <node ref="J8" pin="5"/>
      <node ref="U1" pin="THER"/>
      <node ref="U1" pin="7"/>
      <node ref="J7" pin="2"/>
      <node ref="C9" pin="2"/>
      <node ref="RT1" pin="1"/>
      <node ref="C8" pin="2"/>
      <node ref="J4" pin="8"/>
      <node ref="R2" pin="2"/>
      <node ref="C7" pin="2"/>
      <node ref="C6" pin="2"/>
      <node ref="Q1" pin="2"/>
      <node ref="J3" pin="6"/>
      <node ref="C10" pin="2"/>
    </net>
    <net code="19" name="VDD">
      <node ref="R7" pin="1"/>
      <node ref="U2" pin="1"/>
      <node ref="U1" pin="2"/>
      <node ref="C2" pin="1"/>
      <node ref="U2" pin="20"/>
      <node ref="C1" pin="1"/>
      <node ref="C11" pin="1"/>
      <node ref="J3" pin="1"/>
      <node ref="J4" pin="7"/>
    </net>
    <net code="20" name="+5V">
      <node ref="U4" pin="10"/>
      <node ref="U3" pin="28"/>
      <node ref="C10" pin="1"/>
      <node ref="C7" pin="1"/>
      <node ref="C8" pin="1"/>
      <node ref="D5" pin="2"/>
      <node ref="J8" pin="1"/>
      <node ref="C9" pin="1"/>
      <node ref="J3" pin="5"/>
      <node ref="R4" pin="1"/>
      <node ref="U1" pin="9"/>
      <node ref="R8" pin="1"/>
    </net>
    <net code="21" name="/PS">
      <node ref="J3" pin="3"/>
      <node ref="U1" pin="4"/>
      <node ref="R2" pin="1"/>
    </net>
    <net code="22" name="/PG">
      <node ref="R8" pin="2"/>
      <node ref="J3" pin="4"/>
      <node ref="Q1" pin="1"/>
      <node ref="U1" pin="5"/>
    </net>
    <net code="23" name="VCC">
      <node ref="U2" pin="4"/>
      <node ref="R6" pin="2"/>
      <node ref="U2" pin="18"/>
      <node ref="D1" pin="1"/>
      <node ref="C5" pin="1"/>
      <node ref="U2" pin="3"/>
      <node ref="U2" pin="9"/>
      <node ref="R9" pin="2"/>
      <node ref="R3" pin="2"/>
      <node ref="R1" pin="1"/>
      <node ref="U2" pin="17"/>
      <node ref="C4" pin="1"/>
      <node ref="R10" pin="2"/>
      <node ref="U2" pin="19"/>
      <node ref="J4" pin="1"/>
    </net>
    <net code="24" name="/vBatt">
      <node ref="U2" pin="16"/>
      <node ref="C12" pin="1"/>
      <node ref="U2" pin="15"/>
      <node ref="J7" pin="1"/>
      <node ref="U2" pin="14"/>
      <node ref="R15" pin="2"/>
      <node ref="J4" pin="5"/>
    </net>
    <net code="25" name="/ENABLE">
      <node ref="R7" pin="2"/>
      <node ref="J3" pin="2"/>
      <node ref="U1" pin="3"/>
    </net>
    <net code="26" name="Net-(U3-Pad4)">
      <node ref="U3" pin="4"/>
    </net>
    <net code="27" name="Net-(U3-Pad2)">
      <node ref="U3" pin="2"/>
    </net>
    <net code="28" name="Net-(U3-Pad7)">
      <node ref="U3" pin="7"/>
    </net>
    <net code="29" name="Net-(U3-Pad9)">
      <node ref="U3" pin="9"/>
    </net>
    <net code="30" name="Net-(U3-Pad8)">
      <node ref="U3" pin="8"/>
    </net>
    <net code="31" name="Net-(U3-Pad11)">
      <node ref="U3" pin="11"/>
    </net>
    <net code="32" name="Net-(U3-Pad12)">
      <node ref="U3" pin="12"/>
    </net>
    <net code="33" name="Net-(U3-Pad13)">
      <node ref="U3" pin="13"/>
    </net>
    <net code="34" name="Net-(U3-Pad3)">
      <node ref="U3" pin="3"/>
    </net>
    <net code="35" name="Net-(U3-Pad1)">
      <node ref="U3" pin="1"/>
    </net>
    <net code="36" name="Net-(U3-Pad26)">
      <node ref="U3" pin="26"/>
    </net>
    <net code="37" name="Net-(U3-Pad25)">
      <node ref="U3" pin="25"/>
    </net>
    <net code="38" name="Net-(U3-Pad23)">
      <node ref="U3" pin="23"/>
    </net>
    <net code="39" name="Net-(U3-Pad22)">
      <node ref="U3" pin="22"/>
    </net>
    <net code="40" name="Net-(U3-Pad21)">
      <node ref="U3" pin="21"/>
    </net>
    <net code="41" name="Net-(U3-Pad18)">
      <node ref="U3" pin="18"/>
    </net>
    <net code="42" name="Net-(U3-Pad14)">
      <node ref="U3" pin="14"/>
    </net>
    <net code="43" name="/powerPin">
      <node ref="U3" pin="10"/>
      <node ref="J6" pin="1"/>
      <node ref="J5" pin="1"/>
      <node ref="J8" pin="4"/>
      <node ref="U4" pin="6"/>
      <node ref="U4" pin="5"/>
    </net>
    <net code="44" name="/vPanelADC">
      <node ref="U3" pin="15"/>
      <node ref="U4" pin="1"/>
      <node ref="R17" pin="1"/>
    </net>
    <net code="45" name="Net-(R18-Pad1)">
      <node ref="R18" pin="1"/>
      <node ref="SC1" pin="1"/>
      <node ref="U4" pin="3"/>
      <node ref="U4" pin="8"/>
      <node ref="U4" pin="9"/>
    </net>
    <net code="46" name="/vTherm">
      <node ref="J4" pin="6"/>
      <node ref="U3" pin="19"/>
      <node ref="U2" pin="5"/>
      <node ref="R14" pin="1"/>
    </net>
    <net code="47" name="/CHRG/LBO">
      <node ref="D2" pin="1"/>
      <node ref="J4" pin="2"/>
      <node ref="U2" pin="8"/>
    </net>
    <net code="48" name="/DONE">
      <node ref="D3" pin="1"/>
      <node ref="J4" pin="3"/>
      <node ref="U2" pin="7"/>
    </net>
    <net code="49" name="/vPyraADC">
      <node ref="J8" pin="2"/>
      <node ref="U3" pin="17"/>
    </net>
    <net code="50" name="/dht22Pin">
      <node ref="J6" pin="2"/>
      <node ref="U3" pin="5"/>
    </net>
    <net code="51" name="/ds18b20Pin">
      <node ref="U3" pin="6"/>
      <node ref="J5" pin="2"/>
    </net>
    <net code="52" name="/vBiasPanel">
      <node ref="J8" pin="3"/>
      <node ref="U3" pin="20"/>
      <node ref="U3" pin="24"/>
      <node ref="U4" pin="7"/>
    </net>
    <net code="53" name="Net-(J2-Pad2)">
      <node ref="J2" pin="2"/>
    </net>
    <net code="54" name="Net-(J2-Pad3)">
      <node ref="J2" pin="3"/>
    </net>
    <net code="55" name="Net-(J2-Pad4)">
      <node ref="J2" pin="4"/>
    </net>
    <net code="56" name="Net-(D5-Pad1)">
      <node ref="R13" pin="1"/>
      <node ref="D5" pin="1"/>
    </net>
    <net code="57" name="Net-(Q1-Pad3)">
      <node ref="Q1" pin="3"/>
      <node ref="R13" pin="2"/>
    </net>
  </nets>
</export>
