Title,
Revision,
Date,
Generated,16/10/2017 14:42:07
Company,
Comment 1,
Comment 2,
Comment 3,
Comment 4,
Total Parts,53
Total Unique Parts,40



Ref,Qty,Value,Footprint,
C4 ,1,4700uF/10V,Capacitors_THT:CP_Radial_D13.0mm_P5.00mm
C1 C2 ,2,10uF/16V X5R,Capacitors_SMD:C_0805_HandSoldering
C3 ,1,0.1uF,Capacitors_SMD:C_0805_HandSoldering
C6 ,1,10pF,Capacitors_SMD:C_0805_HandSoldering
C7 ,1,1uF/10V X5R,Capacitors_SMD:C_0805_HandSoldering
C8 C9 C10 ,3,22uF/10V X5R,Capacitors_SMD:C_0805_HandSoldering
C5 ,1,10uF/10V,Capacitors_SMD:C_0805_HandSoldering
C11 C12 ,2,10uF,Capacitors_SMD:C_0805_HandSoldering
D1 ,1,MBR120VLSFT1G,SolarNodeFootprints:D_SOD-123FL
D2 ,1,ORANGE,LEDs:LED_0805_HandSoldering
D3 D5 ,2,GREEN,LEDs:LED_0805_HandSoldering
D4 ,1,RED,LEDs:LED_0805_HandSoldering
J2 ,1,microUSB CHRG,Connectors:USB_Micro-B
J1 ,1,DCIN,Connectors:BARREL_JACK
J7 ,1,BATT,Connectors_JST:JST_PH_S2B-PH-SM4-TB_02x2.00mm_Angled
J8 ,1,PyraADC Conn,Pin_Headers:Pin_Header_Straight_1x05_Pitch2.54mm
J6 ,1,DHT22 Conn,Pin_Headers:Pin_Header_Straight_1x03_Pitch2.54mm
J5 ,1,DS18B20 Conn,Pin_Headers:Pin_Header_Straight_1x03_Pitch2.54mm
J4 ,1,Charger,Pin_Headers:Pin_Header_Straight_1x08_Pitch2.54mm
J3 ,1,DC-DC,Pin_Headers:Pin_Header_Straight_1x06_Pitch2.54mm
L1 ,1,NRS5030T1R0NMGJ,Inductors_SMD:L_Taiyo-Yuden_NR-50xx_HandSoldering
PROG1 ,1,2001,SolarNodeFootprints:R_0805_SMD_THT_HandSoldering
Q1 ,1,BSS138,TO_SOT_Packages_SMD:SOT-23
R18 ,1,Rp,Resistors_THT:R_Axial_DIN0207_L6.3mm_D2.5mm_P10.16mm_Horizontal
R17 ,1,Rf,Resistors_THT:R_Axial_DIN0207_L6.3mm_D2.5mm_P10.16mm_Horizontal
R15 ,1,1153,Resistors_SMD:R_0805_HandSoldering
R16 ,1,5602,Resistors_SMD:R_0805_HandSoldering
R3 R6 R9 R14 R13 ,5,1001,Resistors_SMD:R_0805_HandSoldering
R1 ,1,000,Resistors_SMD:R_0805_HandSoldering
R10 ,1,2703,Resistors_SMD:R_0805_HandSoldering
R11 R12 ,2,104,Resistors_SMD:R_0805_HandSoldering
R7 R2 R5 ,3,1053,Resistors_SMD:R_0805_HandSoldering
R4 R8 ,2,105,Resistors_SMD:R_0805_HandSoldering
RT1 ,1,1503,Resistors_SMD:R_0805_HandSoldering
SC1 ,1,Solar_Cell,Connectors_JST:JST_PH_S2B-PH-SM4-TB_02x2.00mm_Angled
THERM1 ,1,3950 NTC,SolarNodeFootprints:R_0805_SMD_THT_HandSoldering
U3 ,1,LoPy,SolarNodeFootprints:LoPy
U4 ,1,LMR982,SolarNodeFootprints:MSOP10
U2 ,1,MCP73871,SolarNodeFootprints:QFN-20-1EP_4x4mm_Pitch0.5mm
U1 ,1,TPS63060,SolarNodeFootprints:S-PWSON-N10




BOM made with KICAD_BOM_WIZARD (https://github.com/HashDefineElectronics/KiCad_BOM_Wizard.git)
Generated 16/10/2017 14:42:07
