created_at,entry_id,field1,field2,field3,field4,field5,field6,field7
2017-08-01 07:52:05 UTC,1,27.1,27.5,0.316,0.285,3.682,0.490,1.696
2017-08-01 07:53:21 UTC,2,28.1,26.0,0.671,0.664,3.547,0.490,1.695
2017-08-01 07:54:24 UTC,3,28.8,24.7,0.369,0.343,3.530,0.490,1.695
2017-08-01 07:55:26 UTC,4,29.1,24.2,0.387,0.362,3.531,0.490,1.695
2017-08-01 07:56:29 UTC,5,29.3,23.6,0.336,0.305,3.531,0.490,1.695
2017-08-01 07:57:32 UTC,6,29.5,23.3,0.356,0.327,3.533,0.490,1.695
2017-08-01 07:58:35 UTC,7,30.1,23.0,0.364,0.331,3.534,0.490,1.695
2017-08-01 07:59:38 UTC,8,30.5,22.8,0.370,0.331,3.536,0.490,1.695
2017-08-01 08:00:42 UTC,9,30.8,22.5,0.407,0.368,3.539,0.490,1.695
2017-08-01 08:01:43 UTC,10,31.2,22.1,0.473,0.442,3.546,0.490,1.694
2017-08-01 08:02:46 UTC,11,31.9,21.6,0.542,0.492,3.547,0.490,1.695
2017-08-01 08:03:50 UTC,12,32.5,20.9,0.505,0.461,3.546,0.490,1.695
2017-08-01 08:04:53 UTC,13,33.1,20.3,0.446,0.400,3.547,0.490,1.695
2017-08-01 08:05:55 UTC,14,33.6,20.4,0.438,0.394,3.547,0.490,1.695
2017-08-01 08:06:58 UTC,15,33.7,20.6,0.439,0.396,3.548,0.490,1.695
2017-08-01 08:08:02 UTC,16,33.7,20.3,0.426,0.384,3.545,0.490,1.694
2017-08-01 08:09:05 UTC,17,33.8,19.5,0.436,0.400,3.550,0.490,1.694
2017-08-01 08:10:09 UTC,18,33.8,19.9,0.431,0.394,3.549,0.490,1.695
2017-08-01 08:11:10 UTC,19,33.9,18.6,0.467,0.432,3.552,0.490,1.695
2017-08-01 08:12:12 UTC,20,33.9,19.2,0.415,0.381,3.553,0.490,1.694
2017-08-01 08:13:16 UTC,21,33.9,19.6,0.364,0.329,3.546,0.490,1.694
2017-08-01 08:14:18 UTC,22,33.7,20.6,0.345,0.311,3.546,0.490,1.695
2017-08-01 08:15:21 UTC,23,33.6,20.4,0.336,0.302,3.544,0.490,1.695
2017-08-01 08:16:25 UTC,24,33.0,21.1,0.329,0.295,3.543,0.490,1.695
2017-08-01 08:17:27 UTC,25,32.6,20.3,0.326,0.293,3.544,0.490,1.695
2017-08-01 08:18:30 UTC,26,32.4,19.9,0.331,0.295,3.546,0.490,1.695
2017-08-01 08:19:33 UTC,27,32.2,20.1,0.336,0.299,3.542,0.490,1.695
2017-08-01 08:20:35 UTC,28,32.1,20.0,0.343,0.306,3.546,0.490,1.695
2017-08-01 08:21:37 UTC,29,32.0,20.1,0.347,0.309,3.549,0.490,1.695
2017-08-01 08:22:41 UTC,30,32.0,21.5,0.370,0.332,3.542,0.490,1.695
2017-08-01 08:23:44 UTC,31,32.2,22.0,0.377,0.338,3.542,0.490,1.695
2017-08-01 08:24:46 UTC,32,32.3,21.6,0.397,0.355,3.551,0.490,1.695
2017-08-01 08:25:49 UTC,33,32.5,22.4,0.482,0.439,3.557,0.490,1.695
2017-08-01 08:26:52 UTC,34,33.2,21.1,0.516,0.470,3.557,0.490,1.694
2017-08-01 08:27:55 UTC,35,33.9,20.7,0.550,0.494,3.559,0.490,1.695
2017-08-01 08:28:57 UTC,36,34.2,20.3,0.476,0.422,3.556,0.490,1.695
2017-08-01 08:30:00 UTC,37,34.3,19.9,0.432,0.386,3.548,0.490,1.694
2017-08-01 08:31:02 UTC,38,34.2,19.4,0.393,0.343,3.537,0.490,1.695
2017-08-01 08:32:05 UTC,39,34.1,19.9,0.397,0.342,3.543,0.490,1.695
2017-08-01 08:33:07 UTC,40,34.0,20.9,0.417,0.362,3.549,0.490,1.694
2017-08-01 08:34:10 UTC,41,34.0,21.0,0.416,0.364,3.549,0.490,1.694
2017-08-01 08:35:13 UTC,42,33.9,20.7,0.413,0.361,3.549,0.490,1.694
2017-08-01 08:36:16 UTC,43,33.9,20.7,0.411,0.361,3.552,0.490,1.694
2017-08-01 08:37:19 UTC,44,33.9,20.8,0.405,0.358,3.553,0.490,1.695
2017-08-01 08:38:21 UTC,45,33.9,20.8,0.411,0.367,3.550,0.490,1.695
2017-08-01 08:39:24 UTC,46,33.9,20.7,0.470,0.427,3.554,0.490,1.694
2017-08-01 08:40:27 UTC,47,34.0,21.1,0.449,0.400,3.544,0.490,1.695
2017-08-01 08:41:30 UTC,48,34.0,21.1,0.403,0.355,3.553,0.490,1.695
2017-08-01 08:42:33 UTC,49,34.0,20.2,0.499,0.461,3.559,0.490,1.694
2017-08-01 08:43:35 UTC,50,34.3,20.1,0.501,0.443,3.561,0.490,1.695
2017-08-01 08:44:38 UTC,51,34.7,19.5,0.627,0.579,3.570,0.490,1.695
2017-08-01 08:45:41 UTC,52,35.7,19.1,0.624,0.580,3.578,0.490,1.695
2017-08-01 08:46:44 UTC,53,36.6,17.8,0.673,0.586,3.579,0.490,1.695
2017-08-01 08:47:47 UTC,54,36.8,18.2,0.583,0.547,3.580,0.490,1.695
2017-08-01 08:48:50 UTC,55,37.0,18.5,0.552,0.494,3.578,0.490,1.694
2017-08-01 08:49:53 UTC,56,37.0,18.0,0.548,0.512,3.582,0.490,1.695
2017-08-01 08:50:56 UTC,57,37.0,18.0,0.528,0.479,3.579,0.490,1.694
2017-08-01 08:51:58 UTC,58,36.8,18.3,0.498,0.447,3.578,0.490,1.695
2017-08-01 08:53:01 UTC,59,36.7,17.9,0.502,0.466,3.580,0.490,1.695
2017-08-01 08:54:04 UTC,60,36.8,17.6,0.933,0.928,3.610,0.490,1.695
2017-08-01 08:55:07 UTC,61,38.3,15.9,0.485,0.435,3.585,0.490,1.695
2017-08-01 08:56:09 UTC,62,37.8,15.5,0.723,0.671,3.596,0.490,1.695
2017-08-01 08:57:12 UTC,63,37.7,15.8,0.578,0.534,3.591,0.490,1.694
2017-08-01 08:58:14 UTC,64,38.2,15.5,0.873,0.822,3.609,0.490,1.694
2017-08-01 08:59:17 UTC,65,38.9,15.1,0.587,0.552,3.596,0.490,1.694
2017-08-01 09:00:20 UTC,66,39.0,15.3,0.501,0.463,3.589,0.490,1.694
2017-08-01 09:01:22 UTC,67,38.5,15.8,0.458,0.416,3.585,0.490,1.694
2017-08-01 09:02:26 UTC,68,38.0,16.6,0.434,0.389,3.584,0.490,1.694
2017-08-01 09:03:28 UTC,69,36.8,16.1,0.442,0.393,3.586,0.490,1.695
2017-08-01 09:04:31 UTC,70,35.6,17.0,0.473,0.420,3.589,0.490,1.694
2017-08-01 09:05:34 UTC,71,35.1,17.5,0.498,0.448,3.591,0.490,1.694
2017-08-01 09:06:37 UTC,72,35.3,17.5,0.505,0.458,3.592,0.490,1.694
2017-08-01 09:07:40 UTC,73,35.5,17.4,0.547,0.499,3.596,0.490,1.695
2017-08-01 09:08:43 UTC,74,35.7,17.6,0.480,0.431,3.592,0.490,1.695
2017-08-01 09:09:46 UTC,75,35.8,17.2,0.463,0.411,3.591,0.490,1.695
2017-08-01 09:10:49 UTC,76,35.7,17.0,0.463,0.412,3.591,0.490,1.694
2017-08-01 09:11:52 UTC,77,35.7,16.9,0.461,0.411,3.590,0.490,1.694
2017-08-01 09:12:54 UTC,78,35.5,17.4,0.448,0.398,3.590,0.489,1.694
2017-08-01 09:13:58 UTC,79,35.4,17.6,0.437,0.385,3.590,0.490,1.695
2017-08-01 09:15:01 UTC,80,35.4,17.5,0.439,0.386,3.589,0.489,1.694
2017-08-01 09:16:04 UTC,81,35.3,17.8,0.451,0.398,3.591,0.490,1.695
2017-08-01 09:17:07 UTC,82,35.0,17.7,0.479,0.424,3.593,0.489,1.694
2017-08-01 09:18:09 UTC,83,34.6,17.9,0.486,0.432,3.594,0.490,1.695
2017-08-01 09:19:14 UTC,84,34.7,17.9,0.496,0.441,3.595,0.490,1.694
2017-08-01 09:20:17 UTC,85,34.6,17.8,0.509,0.454,3.597,0.489,1.694
2017-08-01 09:21:19 UTC,86,34.8,17.8,0.520,0.471,3.598,0.490,1.695
2017-08-01 09:22:24 UTC,87,34.3,17.8,0.470,0.410,3.596,0.490,1.695
2017-08-01 09:23:24 UTC,88,33.8,18.4,0.443,0.387,3.595,0.490,1.695
2017-08-01 09:24:27 UTC,89,33.7,19.1,0.440,0.384,3.594,0.490,1.695
2017-08-01 09:25:30 UTC,90,33.8,19.0,0.448,0.394,3.594,0.490,1.695
2017-08-01 09:26:33 UTC,91,34.0,18.7,0.463,0.405,3.596,0.490,1.695
2017-08-01 09:27:36 UTC,92,33.8,19.5,0.478,0.421,3.597,0.490,1.695
2017-08-01 09:28:38 UTC,93,33.8,19.6,0.497,0.434,3.598,0.490,1.694
2017-08-01 09:29:41 UTC,94,33.9,19.8,0.529,0.471,3.602,0.490,1.695
2017-08-01 09:30:45 UTC,95,33.6,19.4,0.547,0.484,3.604,0.490,1.695
2017-08-01 09:31:47 UTC,96,33.7,20.1,0.603,0.552,3.609,0.490,1.695
2017-08-01 09:32:51 UTC,97,34.0,19.3,0.705,0.654,3.617,0.490,1.695
2017-08-01 09:33:53 UTC,98,34.4,18.6,0.725,0.675,3.619,0.490,1.695
2017-08-01 09:34:56 UTC,99,35.4,17.8,1.229,1.155,3.667,0.490,1.694
2017-08-01 09:35:59 UTC,100,36.8,16.0,0.949,0.886,3.635,0.490,1.694
2017-08-01 09:37:01 UTC,101,37.9,15.8,0.922,0.879,3.638,0.490,1.695
2017-08-01 09:38:05 UTC,102,39.0,14.4,1.037,0.992,3.660,0.490,1.695
2017-08-01 09:39:08 UTC,103,39.3,14.0,0.870,0.806,3.633,0.490,1.695
2017-08-01 09:40:11 UTC,104,39.2,13.9,0.673,0.613,3.621,0.490,1.695
2017-08-01 09:41:13 UTC,105,39.1,13.9,0.563,0.509,3.614,0.490,1.695
2017-08-01 09:42:16 UTC,106,37.7,15.0,0.553,0.501,3.613,0.490,1.695
2017-08-01 09:43:19 UTC,107,37.5,15.1,0.583,0.531,3.615,0.490,1.694
2017-08-01 09:44:21 UTC,108,37.2,15.2,0.590,0.538,3.617,0.490,1.695
2017-08-01 09:45:28 UTC,109,36.8,15.2,0.595,0.544,3.617,0.490,1.694
2017-08-01 09:46:27 UTC,110,36.6,15.4,0.641,0.591,3.621,0.490,1.695
2017-08-01 09:47:30 UTC,111,36.7,15.2,0.640,0.591,3.621,0.490,1.694
2017-08-01 09:48:33 UTC,112,37.0,14.6,0.591,0.544,3.618,0.489,1.695
2017-08-01 09:49:35 UTC,113,36.5,14.8,0.550,0.504,3.615,0.490,1.694
2017-08-01 09:50:38 UTC,114,36.5,14.9,0.518,0.474,3.612,0.490,1.694
2017-08-01 09:51:40 UTC,115,35.7,15.2,0.488,0.442,3.612,0.490,1.695
2017-08-01 09:52:43 UTC,116,34.4,16.1,0.457,0.415,3.611,0.490,1.695
2017-08-01 09:53:46 UTC,117,34.1,16.5,0.422,0.384,3.610,0.490,1.694
2017-08-01 09:54:48 UTC,118,33.6,17.0,0.397,0.358,3.609,0.490,1.694
2017-08-01 09:55:51 UTC,119,33.1,17.8,0.378,0.340,3.608,0.490,1.694
2017-08-01 09:56:54 UTC,120,33.6,17.8,0.374,0.334,3.606,0.490,1.694
2017-08-01 09:57:57 UTC,121,33.8,17.5,0.377,0.334,3.607,0.489,1.694
2017-08-01 09:59:00 UTC,122,33.8,17.5,0.390,0.344,3.608,0.490,1.695
2017-08-01 10:00:03 UTC,123,34.0,17.4,0.413,0.364,3.608,0.490,1.694
2017-08-01 10:01:05 UTC,124,33.8,17.5,0.442,0.392,3.611,0.490,1.695
2017-08-01 10:02:09 UTC,125,33.7,18.1,0.444,0.389,3.611,0.490,1.695
2017-08-01 10:03:12 UTC,126,33.9,17.8,0.446,0.386,3.611,0.490,1.694
2017-08-01 10:04:15 UTC,127,34.0,17.4,0.460,0.391,3.612,0.490,1.694
2017-08-01 10:05:17 UTC,128,34.3,17.1,0.487,0.411,3.612,0.490,1.695
2017-08-01 10:06:20 UTC,129,34.8,16.9,0.514,0.438,3.615,0.489,1.695
2017-08-01 10:07:23 UTC,130,35.4,16.6,0.555,0.484,3.618,0.490,1.694
2017-08-01 10:08:26 UTC,131,35.8,15.9,0.709,0.659,3.631,0.490,1.694
2017-08-01 10:09:30 UTC,132,35.9,15.1,0.691,0.630,3.631,0.490,1.695
2017-08-01 10:10:31 UTC,133,36.3,14.9,0.718,0.671,3.632,0.489,1.694
2017-08-01 10:11:35 UTC,134,37.0,14.6,0.660,0.608,3.629,0.490,1.695
2017-08-01 10:12:37 UTC,135,37.2,14.7,0.543,0.485,3.621,0.490,1.694
2017-08-01 10:13:42 UTC,136,36.9,15.1,0.532,0.472,3.620,0.489,1.694
2017-08-01 10:14:43 UTC,137,36.8,15.8,0.558,0.499,3.622,0.489,1.694
2017-08-01 10:15:46 UTC,138,37.1,15.3,0.584,0.525,3.625,0.490,1.694
2017-08-01 10:16:49 UTC,139,37.5,14.9,0.604,0.546,3.627,0.490,1.695
2017-08-01 10:17:52 UTC,140,38.1,14.1,0.592,0.530,3.625,0.490,1.694
2017-08-01 10:18:54 UTC,141,38.3,13.7,0.522,0.464,3.619,0.490,1.694
2017-08-01 10:19:56 UTC,142,38.4,13.9,0.526,0.467,3.620,0.490,1.694
2017-08-01 10:20:59 UTC,143,37.3,14.1,0.558,0.499,3.623,0.489,1.694
2017-08-01 10:22:02 UTC,144,36.9,14.4,0.576,0.522,3.626,0.490,1.694
2017-08-01 10:23:04 UTC,145,36.5,14.7,0.580,0.521,3.626,0.489,1.694
2017-08-01 10:24:08 UTC,146,36.1,14.8,0.546,0.486,3.624,0.490,1.694
2017-08-01 10:25:11 UTC,147,36.3,14.8,0.566,0.504,3.626,0.490,1.694
2017-08-01 10:26:13 UTC,148,36.1,15.0,0.566,0.504,3.627,0.489,1.694
2017-08-01 10:27:16 UTC,149,35.6,15.3,0.616,0.552,3.632,0.490,1.695
2017-08-01 10:28:19 UTC,150,35.7,15.4,0.627,0.569,3.633,0.490,1.695
2017-08-01 10:29:22 UTC,151,35.9,15.6,0.595,0.532,3.631,0.490,1.695
2017-08-01 10:30:25 UTC,152,36.4,14.9,0.623,0.564,3.632,0.490,1.694
2017-08-01 10:31:28 UTC,153,36.8,14.2,0.653,0.592,3.634,0.490,1.694
2017-08-01 10:32:32 UTC,154,36.5,14.5,0.594,0.529,3.631,0.489,1.694
2017-08-01 10:33:33 UTC,155,36.8,14.5,0.625,0.553,3.633,0.490,1.694
2017-08-01 10:34:37 UTC,156,37.3,14.2,0.735,0.628,3.640,0.490,1.694
2017-08-01 10:35:40 UTC,157,37.6,13.7,0.633,0.570,3.636,0.489,1.694
2017-08-01 10:36:43 UTC,158,38.6,13.1,0.705,0.642,3.642,0.490,1.695
2017-08-01 10:37:45 UTC,159,39.4,12.6,0.772,0.717,3.645,0.490,1.694
2017-08-01 10:38:48 UTC,160,40.1,12.4,0.655,0.601,3.638,0.490,1.695
2017-08-01 10:39:50 UTC,161,40.1,12.1,0.633,0.582,3.636,0.490,1.694
2017-08-01 10:40:53 UTC,162,40.2,12.1,0.667,0.597,3.637,0.489,1.695
2017-08-01 10:41:55 UTC,163,40.4,12.1,0.642,0.574,3.635,0.490,1.694
2017-08-01 10:42:58 UTC,164,40.3,12.1,0.547,0.491,3.631,0.489,1.694
2017-08-01 10:44:01 UTC,165,40.0,12.4,0.602,0.557,3.635,0.489,1.694
2017-08-01 10:45:03 UTC,166,39.8,12.2,0.677,0.629,3.641,0.489,1.694
2017-08-01 10:46:05 UTC,167,39.9,12.4,0.741,0.710,3.647,0.490,1.694
2017-08-01 10:47:09 UTC,168,39.7,12.7,0.889,0.818,3.654,0.490,1.694
2017-08-01 10:48:12 UTC,169,39.0,13.1,0.632,0.586,3.642,0.490,1.694
2017-08-01 10:49:15 UTC,170,39.0,13.3,0.591,0.548,3.639,0.489,1.694
2017-08-01 10:50:18 UTC,171,38.9,13.1,0.572,0.527,3.638,0.489,1.694
2017-08-01 10:51:20 UTC,172,38.5,12.9,0.567,0.524,3.639,0.489,1.694
2017-08-01 10:52:23 UTC,173,37.6,13.6,0.546,0.502,3.638,0.489,1.694
2017-08-01 10:53:25 UTC,174,37.0,13.9,0.549,0.507,3.637,0.489,1.694
2017-08-01 10:54:28 UTC,175,36.9,14.2,0.553,0.514,3.638,0.490,1.694
2017-08-01 10:55:31 UTC,176,36.7,14.6,0.525,0.486,3.637,0.489,1.694
2017-08-01 10:56:33 UTC,177,36.2,14.7,0.500,0.465,3.636,0.489,1.694
2017-08-01 10:57:37 UTC,178,35.1,15.4,0.466,0.427,3.635,0.489,1.694
2017-08-01 10:58:39 UTC,179,34.4,16.3,0.450,0.415,3.635,0.489,1.694
2017-08-01 10:59:43 UTC,180,34.3,16.0,0.453,0.419,3.635,0.490,1.694
2017-08-01 11:00:46 UTC,181,34.3,16.1,0.478,0.441,3.636,0.489,1.694
2017-08-01 11:01:48 UTC,182,34.1,15.8,0.512,0.481,3.639,0.490,1.694
2017-08-01 11:02:51 UTC,183,34.2,16.2,0.564,0.535,3.644,0.489,1.694
2017-08-01 11:03:54 UTC,184,34.4,15.8,0.647,0.620,3.651,0.489,1.694
2017-08-01 11:04:57 UTC,185,35.0,15.4,0.822,0.803,3.663,0.490,1.694
2017-08-01 11:05:59 UTC,186,36.0,14.9,0.738,0.712,3.659,0.490,1.694
2017-08-01 11:07:02 UTC,187,35.8,15.6,0.721,0.696,3.660,0.490,1.695
2017-08-01 11:08:04 UTC,188,36.4,14.7,0.695,0.661,3.659,0.490,1.694
2017-08-01 11:09:07 UTC,189,37.0,13.9,0.819,0.797,3.669,0.490,1.695
2017-08-01 11:10:09 UTC,190,37.7,13.6,1.340,1.271,3.711,0.490,1.694
2017-08-01 11:11:12 UTC,191,40.4,12.1,1.838,1.583,3.734,0.490,1.694
2017-08-01 11:12:15 UTC,192,42.7,10.4,1.174,1.013,3.708,0.490,1.694
2017-08-01 11:13:20 UTC,193,43.0,10.1,0.821,0.793,3.681,0.490,1.694
2017-08-01 11:14:21 UTC,194,43.8,9.9,0.752,0.710,3.673,0.490,1.694
2017-08-01 11:15:23 UTC,195,44.6,9.6,0.980,0.926,3.685,0.490,1.694
2017-08-01 11:16:27 UTC,196,44.5,9.4,1.212,0.958,3.680,0.490,1.694
2017-08-01 11:17:30 UTC,197,44.6,9.3,2.393,1.584,3.729,0.490,1.694
2017-08-01 11:18:33 UTC,198,46.7,8.6,1.931,1.451,3.724,0.490,1.694
2017-08-01 11:19:36 UTC,199,48.2,7.9,1.004,0.894,3.685,0.490,1.694
2017-08-01 11:20:39 UTC,200,47.8,7.8,1.129,1.017,3.708,0.490,1.694
2017-08-01 11:21:40 UTC,201,48.8,7.5,1.574,1.288,3.728,0.490,1.694
2017-08-01 11:22:43 UTC,202,50.2,7.0,1.997,1.446,3.735,0.490,1.694
2017-08-01 11:23:46 UTC,203,51.3,6.6,2.358,1.527,3.736,0.490,1.694
2017-08-01 11:24:49 UTC,204,51.9,6.4,1.289,1.047,3.714,0.490,1.694
2017-08-01 11:25:52 UTC,205,52.3,6.0,1.325,1.115,3.719,0.490,1.694
2017-08-01 11:26:55 UTC,206,51.9,6.3,1.362,1.186,3.727,0.490,1.694
2017-08-01 11:27:57 UTC,207,50.9,6.6,0.987,0.934,3.704,0.490,1.694
2017-08-01 11:29:00 UTC,208,49.1,7.3,0.718,0.665,3.684,0.489,1.694
2017-08-01 11:30:05 UTC,209,47.4,8.0,0.596,0.549,3.678,0.489,1.694
2017-08-01 11:31:06 UTC,210,44.8,8.8,0.540,0.489,3.675,0.489,1.694
2017-08-01 11:32:10 UTC,211,43.5,9.5,0.567,0.514,3.674,0.489,1.694
2017-08-01 11:33:12 UTC,212,42.8,10.1,0.730,0.695,3.685,0.489,1.694
2017-08-01 11:34:14 UTC,213,43.2,9.9,0.739,0.696,3.687,0.489,1.694
2017-08-01 11:35:17 UTC,214,43.6,9.6,1.062,1.037,3.724,0.490,1.694
2017-08-01 11:36:20 UTC,215,44.8,9.2,1.064,1.033,3.729,0.490,1.694
2017-08-01 11:37:22 UTC,216,45.6,8.6,1.304,1.227,3.738,0.489,1.694
2017-08-01 11:38:24 UTC,217,47.2,8.0,1.407,1.266,3.743,0.490,1.694
2017-08-01 11:40:31 UTC,218,48.4,7.6,0.915,0.890,3.715,0.490,1.694
2017-08-01 11:41:34 UTC,219,48.3,7.4,0.996,1.007,3.736,0.490,1.694
2017-08-01 11:42:36 UTC,220,48.3,7.3,1.476,1.406,3.761,0.490,1.694
2017-08-01 11:43:39 UTC,221,49.7,6.9,1.900,1.625,3.780,0.490,1.694
2017-08-01 11:44:42 UTC,222,52.3,6.1,1.899,1.649,3.783,0.490,1.694
2017-08-01 11:45:44 UTC,223,54.6,5.4,2.347,1.860,3.798,0.490,1.694
2017-08-01 11:46:49 UTC,224,56.8,4.9,2.353,1.859,3.799,0.490,1.694
2017-08-01 11:47:50 UTC,225,58.3,4.5,2.256,1.761,3.790,0.490,1.694
2017-08-01 11:48:53 UTC,226,58.3,4.2,2.479,1.877,3.808,0.490,1.694
2017-08-01 11:49:57 UTC,227,58.9,4.1,2.053,1.686,3.806,0.490,1.694
2017-08-01 11:50:59 UTC,228,59.1,4.0,1.580,1.445,3.794,0.490,1.694
2017-08-01 11:52:02 UTC,229,57.3,4.4,1.039,1.114,3.782,0.490,1.694
2017-08-01 11:53:05 UTC,230,56.6,4.6,1.799,1.655,3.812,0.490,1.694
2017-08-01 11:54:10 UTC,231,56.3,4.7,0.808,0.831,3.759,0.490,1.694
2017-08-01 11:55:10 UTC,232,55.0,5.0,0.918,0.986,3.780,0.489,1.694
2017-08-01 11:56:13 UTC,233,54.2,5.2,0.787,0.831,3.759,0.489,1.693
2017-08-01 11:57:14 UTC,234,52.7,5.7,0.683,0.710,3.753,0.489,1.694
2017-08-01 11:58:17 UTC,235,51.2,6.2,0.591,0.606,3.746,0.489,1.694
2017-08-01 11:59:21 UTC,236,47.9,7.3,0.849,0.929,3.770,0.489,1.693
2017-08-01 12:00:24 UTC,237,49.0,7.1,2.459,2.138,3.858,0.490,1.694
2017-08-01 12:01:26 UTC,238,52.5,5.8,2.430,2.101,3.858,0.490,1.694
2017-08-01 12:02:29 UTC,239,54.6,5.2,2.266,2.016,3.857,0.490,1.694
2017-08-01 12:03:31 UTC,240,54.3,5.4,2.149,1.946,3.855,0.490,1.694
2017-08-01 12:04:35 UTC,241,55.2,5.0,2.114,1.926,3.856,0.490,1.694
2017-08-01 12:05:38 UTC,242,55.9,4.8,2.099,1.912,3.858,0.490,1.694
2017-08-01 12:06:41 UTC,243,56.1,4.6,2.114,1.924,3.860,0.490,1.694
2017-08-01 12:07:44 UTC,244,56.9,4.5,2.145,1.932,3.862,0.490,1.694
2017-08-01 12:08:46 UTC,245,57.6,4.3,2.184,1.945,3.864,0.490,1.694
2017-08-01 12:09:50 UTC,246,58.3,4.2,2.112,1.879,3.863,0.490,1.694
2017-08-01 12:10:52 UTC,247,57.3,4.3,2.140,1.935,3.867,0.490,1.694
2017-08-01 12:11:55 UTC,248,56.8,4.5,2.146,1.906,3.866,0.490,1.694
2017-08-01 12:12:59 UTC,249,57.2,4.5,2.020,1.844,3.867,0.490,1.694
2017-08-01 12:14:02 UTC,250,58.9,4.2,2.087,1.874,3.869,0.490,1.694
2017-08-01 12:15:04 UTC,251,57.8,4.3,2.023,1.838,3.870,0.490,1.694
2017-08-01 12:16:08 UTC,252,57.5,4.3,1.917,1.794,3.869,0.490,1.694
2017-08-01 12:17:10 UTC,253,54.7,5.1,1.938,1.843,3.875,0.490,1.694
2017-08-01 12:18:13 UTC,254,54.0,5.2,1.866,1.798,3.875,0.490,1.694
2017-08-01 12:19:16 UTC,255,54.3,5.1,1.890,1.816,3.878,0.490,1.694
2017-08-01 12:20:18 UTC,256,52.9,5.4,1.937,1.857,3.888,0.490,1.694
2017-08-01 12:21:22 UTC,257,51.8,5.7,2.133,1.993,3.894,0.490,1.694
2017-08-01 12:22:24 UTC,258,52.3,5.6,2.182,2.021,3.891,0.490,1.694
2017-08-01 12:23:27 UTC,259,53.8,5.1,2.200,2.026,3.892,0.490,1.694
2017-08-01 12:24:31 UTC,260,55.7,4.7,2.202,2.018,3.892,0.490,1.694
2017-08-01 12:25:33 UTC,261,55.6,4.5,2.218,2.035,3.892,0.490,1.694
2017-08-01 12:26:36 UTC,262,54.8,4.9,1.637,1.579,3.887,0.490,1.694
2017-08-01 12:27:38 UTC,263,53.6,5.3,2.323,2.113,3.893,0.490,1.695
2017-08-01 12:28:41 UTC,264,53.7,5.3,2.281,2.093,3.892,0.490,1.694
2017-08-01 12:29:45 UTC,265,54.5,5.2,2.208,2.040,3.896,0.490,1.694
2017-08-01 12:30:47 UTC,266,54.1,5.1,2.130,2.003,3.894,0.490,1.694
2017-08-01 12:31:51 UTC,267,52.5,5.5,2.105,1.993,3.895,0.490,1.694
2017-08-01 12:32:54 UTC,268,51.5,5.8,2.088,1.989,3.897,0.490,1.695
2017-08-01 12:33:56 UTC,269,51.7,5.7,2.065,1.977,3.895,0.490,1.694
2017-08-01 12:34:59 UTC,270,54.3,5.1,2.086,1.987,3.895,0.490,1.694
2017-08-01 12:36:02 UTC,271,55.3,4.9,2.105,1.999,3.895,0.490,1.694
2017-08-01 12:37:05 UTC,272,54.1,5.4,2.164,2.043,3.895,0.490,1.694
2017-08-01 12:38:08 UTC,273,55.3,5.0,1.815,1.769,3.899,0.490,1.694
2017-08-01 12:39:11 UTC,274,54.9,5.0,2.183,2.059,3.893,0.489,1.694
2017-08-01 12:40:14 UTC,275,53.8,5.2,1.928,1.891,3.897,0.490,1.694
2017-08-01 12:41:16 UTC,276,53.2,5.2,2.195,2.072,3.895,0.490,1.694
2017-08-01 12:42:19 UTC,277,51.7,5.6,2.107,2.028,3.895,0.490,1.694
2017-08-01 12:43:20 UTC,278,52.5,5.5,2.091,2.026,3.894,0.490,1.694
2017-08-01 12:44:24 UTC,279,52.9,5.1,2.019,1.977,3.895,0.490,1.694
2017-08-01 12:45:27 UTC,280,54.0,4.9,1.986,1.955,3.895,0.490,1.694
2017-08-01 12:46:29 UTC,281,55.4,4.6,1.964,1.938,3.895,0.490,1.694
2017-08-01 12:47:32 UTC,282,57.9,4.0,1.977,1.943,3.892,0.490,1.694
2017-08-01 12:48:35 UTC,283,59.8,4.1,2.030,1.954,3.884,0.490,1.694
2017-08-01 12:49:39 UTC,284,61.5,3.5,2.144,1.959,3.877,0.490,1.694
2017-08-01 12:50:41 UTC,285,61.3,3.1,2.159,1.970,3.882,0.490,1.694
2017-08-01 12:51:43 UTC,286,58.6,3.6,2.206,2.002,3.889,0.490,1.693
2017-08-01 12:53:48 UTC,287,56.2,4.4,2.220,2.027,3.892,0.490,1.694
2017-08-01 12:54:50 UTC,288,55.7,4.1,2.144,1.982,3.893,0.489,1.694
2017-08-01 12:55:53 UTC,289,55.0,4.3,2.070,1.948,3.893,0.490,1.694
2017-08-01 12:56:56 UTC,290,55.6,4.1,2.005,1.909,3.894,0.490,1.693
2017-08-01 12:57:58 UTC,291,54.0,4.5,1.895,1.818,3.898,0.490,1.694
2017-08-01 12:59:02 UTC,292,52.2,5.1,1.617,1.605,3.902,0.490,1.694
2017-08-01 13:00:06 UTC,293,51.1,5.4,1.343,1.440,3.904,0.490,1.694
2017-08-01 13:01:08 UTC,294,51.1,5.4,1.893,1.835,3.898,0.490,1.694
2017-08-01 13:02:10 UTC,295,51.4,5.3,2.077,1.966,3.897,0.489,1.694
2017-08-01 13:03:13 UTC,296,53.3,5.0,2.182,2.037,3.895,0.490,1.694
2017-08-01 13:04:16 UTC,297,54.9,4.7,2.073,2.009,3.893,0.490,1.693
2017-08-01 13:05:19 UTC,298,55.3,4.4,2.163,1.988,3.897,0.490,1.694
2017-08-01 13:06:23 UTC,299,54.9,4.6,1.206,1.322,3.902,0.490,1.694
2017-08-01 13:07:25 UTC,300,54.0,4.9,1.040,1.185,3.898,0.490,1.694
2017-08-01 13:08:28 UTC,301,53.6,4.9,2.020,2.066,3.897,0.490,1.694
2017-08-01 13:09:31 UTC,302,51.6,5.5,2.129,1.927,3.898,0.490,1.694
2017-08-01 13:10:36 UTC,303,53.6,5.0,2.177,2.009,3.895,0.490,1.694
2017-08-01 13:11:36 UTC,304,55.7,4.4,2.111,2.034,3.894,0.490,1.694
2017-08-01 13:12:39 UTC,305,55.0,4.5,2.142,2.042,3.894,0.490,1.694
2017-08-01 13:13:41 UTC,306,54.1,4.5,1.991,1.922,3.898,0.490,1.694
2017-08-01 13:14:44 UTC,307,52.8,4.9,1.888,1.818,3.899,0.490,1.694
2017-08-01 13:15:47 UTC,308,53.0,4.7,2.014,1.964,3.897,0.490,1.694
2017-08-01 13:16:50 UTC,309,53.6,4.6,1.992,1.948,3.897,0.490,1.694
2017-08-01 13:17:53 UTC,310,52.9,4.9,2.014,1.965,3.896,0.490,1.694
2017-08-01 13:18:55 UTC,311,52.0,5.1,2.001,1.959,3.897,0.490,1.694
2017-08-01 13:19:58 UTC,312,52.1,5.1,1.975,1.942,3.898,0.490,1.694
2017-08-01 13:21:00 UTC,313,52.6,5.1,1.972,1.941,3.897,0.489,1.694
2017-08-01 13:22:04 UTC,314,52.7,5.0,1.969,1.943,3.899,0.490,1.694
2017-08-01 13:23:08 UTC,315,52.3,5.2,1.975,1.947,3.898,0.490,1.694
2017-08-01 13:24:09 UTC,316,53.0,4.7,1.978,1.948,3.898,0.490,1.694
2017-08-01 13:25:12 UTC,317,54.1,4.7,1.993,1.959,3.896,0.490,1.693
2017-08-01 13:26:15 UTC,318,54.3,4.4,1.997,1.964,3.896,0.490,1.694
2017-08-01 13:27:18 UTC,319,52.8,5.0,1.972,1.951,3.897,0.490,1.694
2017-08-01 13:28:21 UTC,320,52.8,5.0,1.965,1.948,3.897,0.490,1.694
2017-08-01 13:29:24 UTC,321,52.4,4.8,1.935,1.924,3.899,0.490,1.694
2017-08-01 13:30:27 UTC,322,51.2,5.0,1.812,1.838,3.900,0.490,1.693
2017-08-01 13:31:29 UTC,323,52.4,4.9,1.866,1.885,3.899,0.490,1.694
2017-08-01 13:32:33 UTC,324,54.1,4.5,1.314,1.442,3.905,0.490,1.694
2017-08-01 13:33:36 UTC,325,54.7,4.2,1.615,1.715,3.900,0.489,1.694
2017-08-01 13:34:39 UTC,326,55.7,3.7,1.930,1.936,3.896,0.490,1.693
2017-08-01 13:35:42 UTC,327,55.1,3.6,1.968,1.962,3.897,0.490,1.694
2017-08-01 13:36:44 UTC,328,56.3,3.5,2.007,1.988,3.896,0.490,1.694
2017-08-01 13:37:47 UTC,329,57.0,3.7,2.015,1.992,3.896,0.490,1.694
2017-08-01 13:38:50 UTC,330,57.9,3.2,1.999,1.983,3.895,0.489,1.694
2017-08-01 13:39:53 UTC,331,56.6,3.5,2.001,1.991,3.895,0.490,1.694
2017-08-01 13:40:57 UTC,332,56.9,3.6,1.968,1.974,3.896,0.490,1.694
2017-08-01 13:41:58 UTC,333,55.9,3.6,1.895,1.958,3.897,0.490,1.694
2017-08-01 13:43:01 UTC,334,54.8,3.9,1.834,1.893,3.897,0.490,1.694
2017-08-01 13:44:04 UTC,335,54.9,3.8,1.784,1.859,3.898,0.490,1.694
2017-08-01 13:45:07 UTC,336,55.9,3.7,1.769,1.850,3.898,0.490,1.694
2017-08-01 13:46:09 UTC,337,54.9,4.0,1.770,1.852,3.899,0.490,1.694
2017-08-01 13:47:12 UTC,338,55.9,3.7,1.745,1.835,3.888,0.489,1.694
2017-08-01 13:48:15 UTC,339,56.7,3.7,1.743,1.828,3.887,0.490,1.694
2017-08-01 13:49:17 UTC,340,57.7,3.4,1.751,1.835,3.886,0.490,1.694
2017-08-01 13:50:20 UTC,341,58.7,3.5,1.795,1.868,3.885,0.490,1.694
2017-08-01 13:51:24 UTC,342,56.7,3.7,1.804,1.877,3.885,0.490,1.694
2017-08-01 13:52:26 UTC,343,54.4,4.0,1.792,1.869,3.886,0.490,1.694
2017-08-01 13:53:28 UTC,344,54.2,4.1,1.651,1.746,3.888,0.490,1.693
2017-08-01 13:54:31 UTC,345,53.5,4.2,1.250,1.470,3.891,0.490,1.694
2017-08-01 13:55:34 UTC,346,53.1,4.5,1.552,1.692,3.889,0.490,1.694
2017-08-01 13:56:37 UTC,347,51.5,4.6,1.682,1.792,3.888,0.490,1.694
2017-08-01 13:57:39 UTC,348,53.5,4.4,1.813,1.892,3.885,0.489,1.694
2017-08-01 13:58:44 UTC,349,52.6,4.4,1.840,1.915,3.886,0.490,1.694
2017-08-01 13:59:45 UTC,350,54.1,4.2,1.813,1.894,3.885,0.490,1.693
2017-08-01 14:00:49 UTC,351,56.0,3.9,1.795,1.882,3.884,0.489,1.693
2017-08-01 14:01:51 UTC,352,56.0,3.7,1.769,1.869,3.884,0.489,1.694
2017-08-01 14:02:54 UTC,353,55.8,3.7,1.743,1.852,3.884,0.489,1.693
2017-08-01 14:03:57 UTC,354,56.9,3.6,1.732,1.846,3.884,0.489,1.693
2017-08-01 14:05:00 UTC,355,56.8,3.5,1.690,1.825,3.884,0.489,1.694
2017-08-01 14:06:03 UTC,356,57.1,3.4,1.666,1.810,3.881,0.490,1.693
2017-08-01 14:23:11 UTC,357,54.9,4.1,1.527,1.746,3.960,0.489,1.694
2017-08-01 14:23:26 UTC,358,55.3,4.0,1.525,1.746,3.911,0.489,1.694
2017-08-01 14:24:29 UTC,359,55.4,3.7,1.527,1.750,3.910,0.489,1.693
2017-08-01 14:25:32 UTC,360,53.9,4.2,1.517,1.746,3.911,0.489,1.694
2017-08-01 14:26:33 UTC,361,51.7,5.0,1.498,1.735,3.911,0.489,1.694
2017-08-01 14:27:36 UTC,362,50.2,5.3,1.469,1.713,3.912,0.489,1.694
2017-08-01 14:28:38 UTC,363,49.1,5.7,1.449,1.706,3.913,0.490,1.694
2017-08-01 14:29:40 UTC,364,49.4,5.9,1.442,1.695,3.912,0.490,1.694
2017-08-01 14:30:43 UTC,365,50.5,5.7,1.448,1.707,3.911,0.489,1.693
2017-08-01 14:31:46 UTC,366,51.6,5.0,1.392,1.652,3.911,0.489,1.693
2017-08-01 14:32:49 UTC,367,51.7,5.2,1.380,1.654,3.912,0.490,1.694
2017-08-01 14:33:51 UTC,368,52.6,4.7,1.357,1.634,3.912,0.489,1.694
2017-08-01 14:34:54 UTC,369,52.9,4.6,1.312,1.608,3.912,0.490,1.694
2017-08-01 14:35:58 UTC,370,51.1,5.3,1.410,1.693,3.912,0.489,1.694
2017-08-01 14:37:00 UTC,371,49.5,5.8,1.411,1.700,3.913,0.489,1.694
2017-08-01 14:38:03 UTC,372,48.6,6.1,1.359,1.655,3.912,0.490,1.694
2017-08-01 14:39:06 UTC,373,49.7,5.7,1.357,1.659,3.912,0.490,1.694
2017-08-01 14:41:11 UTC,374,51.9,4.9,1.317,1.630,3.911,0.490,1.693
2017-08-01 14:42:21 UTC,375,51.8,4.9,1.304,1.611,3.912,0.489,1.693
2017-08-01 14:43:16 UTC,376,50.2,5.4,1.336,1.654,3.913,0.490,1.694
2017-08-01 14:44:19 UTC,377,49.4,5.6,1.331,1.654,3.912,0.490,1.693
2017-08-01 14:45:23 UTC,378,48.9,5.8,1.291,1.628,3.913,0.490,1.694
2017-08-01 14:46:25 UTC,379,50.1,5.6,1.311,1.640,3.914,0.490,1.694
2017-08-01 14:47:27 UTC,380,48.9,5.8,1.279,1.621,3.913,0.490,1.694
2017-08-01 14:48:30 UTC,381,49.8,5.5,1.283,1.622,3.913,0.489,1.694
2017-08-01 14:49:33 UTC,382,49.3,5.7,1.274,1.619,3.913,0.490,1.694
2017-08-01 14:50:35 UTC,383,47.7,6.3,1.262,1.611,3.913,0.490,1.694
2017-08-01 14:51:38 UTC,384,46.5,6.8,1.254,1.614,3.915,0.490,1.694
2017-08-01 14:52:41 UTC,385,47.1,6.8,1.235,1.600,3.914,0.490,1.694
2017-08-01 14:53:43 UTC,386,48.2,6.2,1.221,1.589,3.913,0.490,1.693
2017-08-01 14:54:46 UTC,387,48.0,6.1,1.211,1.583,3.914,0.490,1.694
2017-08-01 14:55:49 UTC,388,48.7,6.1,1.201,1.579,3.913,0.489,1.694
2017-08-01 14:56:52 UTC,389,49.9,5.7,1.192,1.573,3.912,0.489,1.693
2017-08-01 14:57:55 UTC,390,49.8,6.0,1.190,1.574,3.913,0.489,1.694
2017-08-01 14:58:57 UTC,391,51.0,5.5,1.187,1.576,3.912,0.489,1.693
2017-08-01 15:00:00 UTC,392,50.7,5.9,1.176,1.569,3.913,0.489,1.693
2017-08-01 15:01:03 UTC,393,51.2,5.5,1.164,1.560,3.913,0.489,1.694
2017-08-01 15:02:05 UTC,394,52.1,5.2,1.152,1.552,3.913,0.489,1.693
2017-08-01 15:03:08 UTC,395,53.0,4.7,1.144,1.548,3.913,0.490,1.693
2017-08-01 15:04:11 UTC,396,53.5,4.6,1.143,1.550,3.912,0.489,1.693
2017-08-01 15:05:13 UTC,397,52.5,4.6,1.135,1.542,3.913,0.489,1.694
2017-08-01 15:06:16 UTC,398,52.1,4.9,1.123,1.532,3.914,0.490,1.694
2017-08-01 15:07:19 UTC,399,52.1,5.0,1.116,1.526,3.912,0.489,1.693
2017-08-01 15:08:21 UTC,400,51.8,4.9,1.111,1.523,3.913,0.490,1.694
2017-08-01 15:09:24 UTC,401,52.5,4.7,1.105,1.517,3.913,0.490,1.693
2017-08-01 15:10:27 UTC,402,52.7,4.5,1.101,1.516,3.914,0.489,1.694
2017-08-01 15:11:30 UTC,403,52.8,4.5,1.094,1.508,3.914,0.490,1.694
2017-08-01 15:12:32 UTC,404,53.0,4.4,1.088,1.501,3.914,0.489,1.693
2017-08-01 15:13:35 UTC,405,53.2,4.5,1.079,1.494,3.913,0.490,1.693
2017-08-01 15:14:39 UTC,406,54.0,4.2,1.070,1.483,3.914,0.489,1.693
2017-08-01 15:15:41 UTC,407,53.6,4.2,1.064,1.479,3.914,0.490,1.693
2017-08-01 15:16:44 UTC,408,52.9,4.8,1.055,1.472,3.915,0.490,1.694
2017-08-01 15:17:47 UTC,409,52.0,4.6,1.049,1.467,3.913,0.490,1.693
2017-08-01 15:18:49 UTC,410,50.1,5.4,1.043,1.465,3.914,0.489,1.694
2017-08-01 15:19:53 UTC,411,49.3,5.8,1.038,1.457,3.915,0.490,1.693
2017-08-01 15:20:57 UTC,412,49.2,5.6,1.033,1.451,3.915,0.489,1.693
2017-08-01 15:21:59 UTC,413,49.7,5.3,1.025,1.447,3.915,0.490,1.693
2017-08-01 15:23:02 UTC,414,50.9,5.1,1.024,1.447,3.915,0.489,1.694
2017-08-01 15:24:05 UTC,415,51.6,4.9,1.020,1.446,3.916,0.489,1.694
2017-08-01 15:25:08 UTC,416,50.7,5.3,1.015,1.443,3.916,0.489,1.694
2017-08-01 15:26:11 UTC,417,50.4,5.3,1.000,1.425,3.915,0.490,1.693
2017-08-01 15:27:13 UTC,418,50.7,5.3,0.990,1.417,3.916,0.489,1.693
2017-08-01 15:28:16 UTC,419,50.4,5.3,0.983,1.411,3.916,0.490,1.693
2017-08-01 15:29:20 UTC,420,49.5,5.3,0.975,1.405,3.916,0.489,1.694
2017-08-01 15:30:23 UTC,421,48.7,5.8,0.968,1.398,3.916,0.490,1.693
2017-08-01 15:31:25 UTC,422,47.9,6.0,0.963,1.394,3.916,0.489,1.693
2017-08-01 15:32:27 UTC,423,47.7,6.2,0.956,1.390,3.917,0.490,1.694
2017-08-01 15:33:30 UTC,424,48.1,6.0,0.949,1.388,3.917,0.490,1.694
2017-08-01 15:34:33 UTC,425,47.5,6.1,0.941,1.380,3.917,0.490,1.694
2017-08-01 15:35:35 UTC,426,47.8,6.3,0.936,1.377,3.917,0.489,1.693
2017-08-01 15:36:40 UTC,427,48.0,6.3,0.927,1.367,3.918,0.490,1.694
2017-08-01 15:37:41 UTC,428,47.7,6.2,0.917,1.357,3.917,0.490,1.694
2017-08-01 15:38:44 UTC,429,47.9,6.3,0.910,1.350,3.918,0.490,1.694
2017-08-01 15:39:46 UTC,430,48.2,5.9,0.902,1.344,3.918,0.490,1.694
2017-08-01 15:40:49 UTC,431,49.0,5.8,0.895,1.338,3.918,0.490,1.694
2017-08-01 15:41:52 UTC,432,48.8,5.9,0.887,1.333,3.918,0.490,1.694
2017-08-01 15:42:56 UTC,433,47.3,6.2,0.877,1.321,3.918,0.490,1.694
2017-08-01 15:43:58 UTC,434,46.4,6.5,0.864,1.310,3.919,0.490,1.694
2017-08-01 15:45:02 UTC,435,45.9,6.7,0.854,1.300,3.919,0.490,1.694
2017-08-01 15:46:04 UTC,436,45.0,7.1,0.848,1.296,3.919,0.490,1.694
2017-08-01 15:47:07 UTC,437,44.8,7.5,0.843,1.289,3.918,0.490,1.694
2017-08-01 15:48:10 UTC,438,45.2,7.3,0.839,1.291,3.894,0.490,1.694
2017-08-01 15:49:12 UTC,439,44.9,7.4,0.833,1.285,3.883,0.490,1.694
2017-08-01 15:50:14 UTC,440,45.3,7.3,0.823,1.271,3.872,0.490,1.694
2017-08-01 15:51:17 UTC,441,45.1,7.3,0.808,1.265,3.865,0.490,1.694
2017-08-01 15:52:20 UTC,442,45.1,7.4,0.747,1.262,3.859,0.490,1.694
2017-08-01 15:53:23 UTC,443,43.6,8.0,0.615,1.260,3.855,0.490,1.694
2017-08-01 15:54:26 UTC,444,42.4,8.8,0.450,1.256,3.854,0.490,1.694
2017-08-01 15:55:29 UTC,445,41.2,9.0,0.303,1.162,3.855,0.490,1.694
2017-08-01 15:56:32 UTC,446,40.0,10.0,0.198,0.859,3.856,0.490,1.694
2017-08-01 15:57:35 UTC,447,38.6,10.3,0.149,0.485,3.858,0.490,1.694
2017-08-01 15:58:37 UTC,448,37.1,11.5,0.139,0.178,3.856,0.489,1.694
2017-08-01 15:59:41 UTC,449,36.5,12.3,0.138,0.102,3.855,0.489,1.694
2017-08-01 16:00:43 UTC,450,36.1,12.5,0.138,0.101,3.854,0.489,1.694
2017-08-01 16:01:47 UTC,451,35.7,12.8,0.138,0.100,3.853,0.489,1.694
2017-08-01 16:02:48 UTC,452,35.7,13.3,0.136,0.100,3.853,0.489,1.694
2017-08-01 16:03:52 UTC,453,35.3,12.7,0.133,0.100,3.851,0.489,1.694
2017-08-01 16:04:55 UTC,454,34.9,13.1,0.130,0.099,3.850,0.489,1.694
2017-08-01 16:05:58 UTC,455,34.3,13.2,0.128,0.098,3.850,0.489,1.694
2017-08-01 16:07:00 UTC,456,34.2,14.0,0.128,0.098,3.848,0.489,1.694
2017-08-01 16:08:03 UTC,457,34.0,14.1,0.128,0.097,3.847,0.489,1.694
2017-08-01 16:09:05 UTC,458,33.9,14.3,0.127,0.097,3.848,0.490,1.694
2017-08-01 16:10:09 UTC,459,33.8,14.3,0.127,0.096,3.846,0.489,1.694
2017-08-01 16:11:11 UTC,460,33.7,14.2,0.126,0.095,3.844,0.489,1.694
2017-08-01 16:12:13 UTC,461,33.8,14.3,0.125,0.093,3.844,0.489,1.694
2017-08-01 16:13:17 UTC,462,33.8,14.6,0.123,0.092,3.843,0.489,1.694
2017-08-01 16:14:19 UTC,463,33.8,14.3,0.123,0.091,3.843,0.489,1.694
2017-08-01 16:15:22 UTC,464,33.8,14.4,0.123,0.091,3.841,0.489,1.694
2017-08-01 16:16:25 UTC,465,33.8,14.5,0.122,0.090,3.840,0.489,1.694
2017-08-01 16:17:27 UTC,466,33.8,14.7,0.121,0.089,3.839,0.489,1.694
2017-08-01 16:18:30 UTC,467,33.8,14.3,0.120,0.089,3.838,0.489,1.694
2017-08-01 16:19:32 UTC,468,33.9,14.3,0.119,0.088,3.838,0.489,1.694
2017-08-01 16:20:35 UTC,469,33.8,15.0,0.118,0.087,3.836,0.489,1.694
2017-08-01 16:21:38 UTC,470,33.8,14.3,0.118,0.087,3.836,0.489,1.694
2017-08-01 16:22:41 UTC,471,33.8,14.2,0.117,0.086,3.834,0.489,1.694
2017-08-01 16:23:43 UTC,472,33.7,14.5,0.117,0.085,3.834,0.489,1.694
2017-08-01 16:24:47 UTC,473,33.6,14.5,0.116,0.084,3.835,0.489,1.695
2017-08-01 16:25:50 UTC,474,33.5,14.9,0.116,0.084,3.833,0.489,1.694
2017-08-01 16:26:52 UTC,475,33.6,14.8,0.115,0.083,3.831,0.489,1.694
2017-08-01 16:27:55 UTC,476,33.5,15.0,0.115,0.082,3.830,0.489,1.694
2017-08-01 16:28:58 UTC,477,33.4,15.2,0.114,0.082,3.830,0.489,1.694
2017-08-01 16:30:00 UTC,478,33.2,15.4,0.114,0.081,3.829,0.489,1.694
2017-08-01 16:31:03 UTC,479,33.1,14.9,0.113,0.080,3.829,0.489,1.694
2017-08-01 16:32:06 UTC,480,33.0,15.3,0.112,0.079,3.828,0.489,1.694
2017-08-01 16:33:09 UTC,481,33.0,15.1,0.112,0.079,3.828,0.489,1.694
2017-08-01 16:34:12 UTC,482,33.0,15.3,0.111,0.079,3.825,0.489,1.693
2017-08-01 16:35:15 UTC,483,32.8,14.9,0.111,0.079,3.825,0.489,1.694
2017-08-01 16:36:18 UTC,484,32.8,15.2,0.111,0.078,3.824,0.489,1.693
2017-08-01 16:37:21 UTC,485,32.8,15.0,0.109,0.077,3.823,0.489,1.694
2017-08-01 16:38:23 UTC,486,32.7,15.1,0.108,0.076,3.822,0.489,1.694
2017-08-01 16:39:27 UTC,487,32.6,15.2,0.108,0.075,3.820,0.489,1.694
2017-08-01 16:40:30 UTC,488,32.7,15.2,0.107,0.073,3.821,0.489,1.694
2017-08-01 16:41:33 UTC,489,32.7,15.2,0.106,0.073,3.819,0.489,1.694
2017-08-01 16:42:36 UTC,490,32.6,15.3,0.106,0.072,3.819,0.489,1.694
2017-08-01 16:43:39 UTC,491,32.5,15.4,0.105,0.071,3.817,0.489,1.694
2017-08-01 16:44:41 UTC,492,32.5,15.7,0.104,0.070,3.817,0.489,1.694
2017-08-01 16:45:44 UTC,493,32.4,15.7,0.103,0.069,3.816,0.489,1.693
2017-08-01 16:46:48 UTC,494,32.5,15.5,0.103,0.069,3.815,0.489,1.694
2017-08-01 16:47:50 UTC,495,32.6,15.2,0.103,0.068,3.815,0.489,1.694
2017-08-01 16:48:53 UTC,496,32.4,15.2,0.103,0.068,3.814,0.489,1.694
2017-08-01 16:49:56 UTC,497,32.2,15.2,0.102,0.067,3.813,0.489,1.694
2017-08-01 16:50:58 UTC,498,32.2,15.4,0.102,0.067,3.812,0.489,1.694
2017-08-01 16:52:02 UTC,499,32.1,15.4,0.101,0.067,3.811,0.489,1.694
2017-08-01 16:53:04 UTC,500,32.1,15.6,0.101,0.066,3.810,0.489,1.694
2017-08-01 16:54:07 UTC,501,32.1,15.4,0.100,0.066,3.809,0.489,1.694
2017-08-01 16:55:11 UTC,502,32.0,15.2,0.100,0.065,3.809,0.489,1.694
2017-08-01 16:56:12 UTC,503,31.9,15.5,0.099,0.065,3.807,0.489,1.694
2017-08-01 16:57:15 UTC,504,31.9,15.4,0.099,0.065,3.807,0.489,1.694
2017-08-01 16:58:17 UTC,505,31.9,15.6,0.098,0.064,3.805,0.489,1.694
2017-08-01 16:59:21 UTC,506,31.9,15.5,0.097,0.064,3.805,0.489,1.694
2017-08-01 17:00:23 UTC,507,31.9,15.6,0.096,0.063,3.805,0.489,1.694
2017-08-01 17:01:27 UTC,508,31.9,15.3,0.096,0.063,3.803,0.489,1.694
2017-08-01 17:02:29 UTC,509,31.9,15.2,0.095,0.063,3.804,0.489,1.694
2017-08-01 17:03:32 UTC,510,31.9,15.1,0.095,0.062,3.803,0.489,1.694
2017-08-01 17:04:34 UTC,511,31.9,15.1,0.094,0.062,3.801,0.490,1.694
2017-08-01 17:05:38 UTC,512,31.9,15.4,0.094,0.062,3.800,0.489,1.694
2017-08-01 17:06:39 UTC,513,31.9,15.2,0.094,0.061,3.801,0.489,1.694
2017-08-01 17:07:42 UTC,514,31.8,15.5,0.094,0.061,3.798,0.489,1.694
2017-08-01 17:08:46 UTC,515,31.8,15.4,0.093,0.061,3.798,0.489,1.694
2017-08-01 17:09:48 UTC,516,31.8,15.5,0.092,0.060,3.797,0.489,1.694
2017-08-01 17:10:51 UTC,517,31.8,15.7,0.092,0.059,3.795,0.489,1.693
2017-08-01 17:11:54 UTC,518,31.7,15.7,0.092,0.059,3.794,0.489,1.693
2017-08-01 17:12:56 UTC,519,31.7,15.3,0.091,0.058,3.795,0.489,1.694
2017-08-01 17:13:58 UTC,520,31.7,15.2,0.091,0.058,3.793,0.489,1.694
2017-08-01 17:15:01 UTC,521,31.7,15.4,0.090,0.058,3.792,0.489,1.693
2017-08-01 17:16:04 UTC,522,31.7,15.3,0.090,0.057,3.792,0.489,1.694
2017-08-01 17:17:07 UTC,523,31.7,15.5,0.090,0.057,3.791,0.489,1.694
2017-08-01 17:18:09 UTC,524,31.6,15.7,0.090,0.057,3.790,0.489,1.693
2017-08-01 17:19:11 UTC,525,31.6,15.8,0.090,0.056,3.789,0.489,1.694
2017-08-01 17:20:15 UTC,526,31.5,15.7,0.089,0.056,3.788,0.489,1.694
2017-08-01 17:21:17 UTC,527,31.4,16.0,0.089,0.055,3.789,0.489,1.694
2017-08-01 17:22:20 UTC,528,31.4,16.2,0.089,0.055,3.787,0.489,1.694
2017-08-01 17:23:23 UTC,529,31.4,16.1,0.088,0.055,3.786,0.489,1.694
2017-08-01 17:24:26 UTC,530,31.3,15.8,0.088,0.054,3.785,0.489,1.694
2017-08-01 17:25:28 UTC,531,31.3,15.7,0.087,0.054,3.784,0.489,1.694
2017-08-01 17:26:32 UTC,532,31.2,16.0,0.087,0.053,3.783,0.489,1.693
2017-08-01 17:27:35 UTC,533,31.2,16.3,0.087,0.053,3.781,0.489,1.694
2017-08-01 17:28:37 UTC,534,31.3,16.2,0.087,0.052,3.781,0.489,1.694
2017-08-01 17:29:40 UTC,535,31.3,16.7,0.086,0.052,3.781,0.489,1.694
2017-08-01 17:30:42 UTC,536,31.3,15.8,0.086,0.052,3.780,0.489,1.694
2017-08-01 17:31:44 UTC,537,31.4,15.9,0.085,0.051,3.780,0.489,1.694
2017-08-01 17:32:47 UTC,538,31.4,15.8,0.085,0.051,3.779,0.489,1.694
2017-08-01 17:33:50 UTC,539,31.4,15.8,0.084,0.050,3.777,0.489,1.694
2017-08-01 17:34:53 UTC,540,31.3,16.3,0.084,0.049,3.777,0.489,1.694
2017-08-01 17:35:57 UTC,541,31.4,16.0,0.083,0.049,3.775,0.489,1.694
2017-08-01 17:36:59 UTC,542,31.3,16.0,0.083,0.049,3.776,0.489,1.694
2017-08-01 17:38:02 UTC,543,31.2,16.0,0.083,0.048,3.775,0.489,1.694
2017-08-01 17:39:05 UTC,544,31.2,16.2,0.083,0.048,3.773,0.489,1.694
2017-08-01 17:40:08 UTC,545,31.2,16.2,0.082,0.047,3.772,0.489,1.693
2017-08-01 17:41:10 UTC,546,31.1,16.3,0.081,0.047,3.772,0.489,1.694
2017-08-01 17:42:14 UTC,547,31.1,16.4,0.081,0.046,3.770,0.489,1.694
2017-08-01 17:43:17 UTC,548,31.1,16.4,0.080,0.046,3.770,0.489,1.694
2017-08-01 17:44:19 UTC,549,31.1,16.7,0.080,0.046,3.769,0.489,1.694
2017-08-01 17:45:22 UTC,550,31.1,16.9,0.080,0.045,3.768,0.489,1.694
2017-08-01 17:46:25 UTC,551,31.1,16.9,0.079,0.045,3.766,0.489,1.694
2017-08-01 17:47:28 UTC,552,31.1,16.1,0.079,0.044,3.766,0.489,1.694
2017-08-01 17:48:32 UTC,553,31.0,16.2,0.078,0.044,3.765,0.489,1.694
2017-08-01 17:49:34 UTC,554,31.0,16.5,0.078,0.043,3.766,0.490,1.695
2017-08-01 17:50:37 UTC,555,31.0,16.4,0.078,0.043,3.765,0.489,1.694
2017-08-01 17:51:39 UTC,556,30.9,16.7,0.078,0.043,3.765,0.489,1.695
2017-08-01 17:52:42 UTC,557,30.9,16.7,0.077,0.043,3.763,0.489,1.694
2017-08-01 17:53:46 UTC,558,30.9,16.7,0.076,0.042,3.763,0.490,1.694
2017-08-01 17:54:48 UTC,559,30.9,16.8,0.076,0.042,3.760,0.490,1.694
2017-08-01 17:55:51 UTC,560,30.8,16.6,0.076,0.042,3.760,0.489,1.694
2017-08-01 17:56:54 UTC,561,30.8,16.7,0.075,0.042,3.759,0.489,1.694
2017-08-01 17:57:57 UTC,562,30.8,16.9,0.075,0.041,3.758,0.490,1.694
2017-08-01 17:59:00 UTC,563,30.7,17.1,0.075,0.041,3.757,0.489,1.694
2017-08-01 18:00:03 UTC,564,30.7,17.2,0.074,0.041,3.756,0.490,1.694
2017-08-01 18:01:05 UTC,565,30.7,17.5,0.074,0.041,3.754,0.489,1.693
2017-08-01 18:02:08 UTC,566,30.6,17.4,0.074,0.041,3.754,0.489,1.694
2017-08-01 18:03:10 UTC,567,30.6,17.3,0.073,0.040,3.753,0.489,1.694
2017-08-01 18:04:14 UTC,568,30.5,17.5,0.073,0.040,3.754,0.489,1.694
2017-08-01 18:05:16 UTC,569,30.6,17.5,0.072,0.040,3.753,0.489,1.694
2017-08-01 18:06:19 UTC,570,30.5,17.7,0.072,0.040,3.751,0.489,1.693
2017-08-01 18:07:22 UTC,571,30.5,18.1,0.071,0.039,3.751,0.489,1.694
2017-08-01 18:08:24 UTC,572,30.5,18.2,0.070,0.039,3.751,0.490,1.694
2017-08-01 18:09:27 UTC,573,30.5,18.5,0.070,0.039,3.750,0.489,1.694
2017-08-01 18:10:30 UTC,574,30.4,18.5,0.069,0.039,3.749,0.489,1.694
2017-08-01 18:11:32 UTC,575,30.4,18.8,0.068,0.038,3.748,0.489,1.694
2017-08-01 18:12:34 UTC,576,30.3,18.9,0.068,0.038,3.748,0.489,1.694
2017-08-01 18:13:37 UTC,577,30.3,18.7,0.067,0.038,3.747,0.489,1.694
2017-08-01 18:14:40 UTC,578,30.3,18.9,0.067,0.038,3.747,0.489,1.694
2017-08-01 18:15:43 UTC,579,30.3,18.9,0.066,0.038,3.746,0.489,1.694
2017-08-01 18:16:46 UTC,580,30.3,19.0,0.066,0.037,3.745,0.490,1.694
2017-08-01 18:17:48 UTC,581,30.2,19.0,0.065,0.037,3.744,0.490,1.694
2017-08-01 18:18:51 UTC,582,30.2,19.2,0.065,0.037,3.743,0.489,1.694
2017-08-01 18:19:54 UTC,583,30.1,19.4,0.064,0.037,3.742,0.489,1.694
2017-08-01 18:20:56 UTC,584,30.1,19.4,0.064,0.036,3.742,0.489,1.694
2017-08-01 18:21:59 UTC,585,30.0,19.4,0.063,0.036,3.739,0.489,1.694
2017-08-01 18:23:02 UTC,586,30.0,19.7,0.063,0.036,3.739,0.489,1.694
2017-08-01 18:24:04 UTC,587,30.0,19.2,0.062,0.036,3.738,0.489,1.694
2017-08-01 18:25:06 UTC,588,30.0,19.1,0.062,0.035,3.738,0.490,1.694
2017-08-01 18:26:09 UTC,589,30.0,19.0,0.061,0.035,3.736,0.489,1.694
2017-08-01 18:27:13 UTC,590,29.9,19.2,0.061,0.035,3.737,0.489,1.694
2017-08-01 18:28:15 UTC,591,29.9,19.4,0.060,0.034,3.736,0.489,1.694
2017-08-01 18:29:18 UTC,592,29.9,19.4,0.060,0.034,3.735,0.489,1.694
2017-08-01 18:30:20 UTC,593,29.9,19.7,0.058,0.033,3.732,0.489,1.693
2017-08-01 18:31:22 UTC,594,29.8,19.5,0.058,0.033,3.733,0.489,1.694
2017-08-01 18:32:25 UTC,595,29.6,19.7,0.057,0.033,3.733,0.489,1.694
2017-08-01 18:33:29 UTC,596,29.4,20.1,0.057,0.032,3.731,0.489,1.693
2017-08-01 18:34:31 UTC,597,29.4,20.1,0.055,0.032,3.729,0.489,1.693
2017-08-01 18:35:34 UTC,598,29.3,20.2,0.055,0.032,3.728,0.489,1.694
2017-08-01 18:36:37 UTC,599,29.3,20.4,0.054,0.031,3.729,0.489,1.694
2017-08-01 18:37:40 UTC,600,29.3,20.4,0.053,0.031,3.727,0.489,1.694
2017-08-01 18:38:42 UTC,601,29.3,20.4,0.052,0.030,3.726,0.489,1.694
2017-08-01 18:39:46 UTC,602,29.2,20.4,0.052,0.030,3.726,0.489,1.694
2017-08-01 18:40:49 UTC,603,29.2,20.6,0.051,0.030,3.725,0.489,1.694
2017-08-01 18:41:53 UTC,604,29.2,20.4,0.050,0.029,3.725,0.489,1.694
2017-08-01 18:42:55 UTC,605,29.1,20.8,0.049,0.029,3.723,0.489,1.693
2017-08-01 18:43:57 UTC,606,29.1,21.1,0.048,0.029,3.723,0.489,1.694
2017-08-01 18:45:00 UTC,607,29.1,21.4,0.046,0.028,3.721,0.489,1.693
2017-08-01 18:46:04 UTC,608,29.1,21.2,0.042,0.026,3.721,0.489,1.693
2017-08-01 18:47:08 UTC,609,29.0,21.3,0.042,0.026,3.720,0.489,1.693
2017-08-01 18:48:10 UTC,610,29.0,21.5,0.042,0.026,3.720,0.489,1.694
2017-08-01 18:49:13 UTC,611,29.0,21.5,0.039,0.025,3.718,0.489,1.693
2017-08-01 18:50:16 UTC,612,29.0,21.6,0.036,0.023,3.718,0.489,1.694
2017-08-01 18:51:19 UTC,613,29.0,21.5,0.035,0.022,3.716,0.489,1.694
2017-08-01 18:52:22 UTC,614,28.9,21.7,0.034,0.021,3.715,0.489,1.694
2017-08-01 18:53:24 UTC,615,28.9,21.8,0.033,0.020,3.713,0.489,1.693
2017-08-01 18:54:27 UTC,616,28.8,21.6,0.034,0.020,3.712,0.489,1.694
2017-08-01 18:55:29 UTC,617,28.8,21.7,0.032,0.019,3.714,0.489,1.694
2017-08-01 18:56:32 UTC,618,28.8,21.7,0.032,0.019,3.712,0.489,1.694
2017-08-01 18:57:36 UTC,619,28.8,22.0,0.030,0.018,3.710,0.489,1.694
2017-08-01 18:58:39 UTC,620,28.7,22.0,0.029,0.017,3.710,0.489,1.694
2017-08-01 18:59:41 UTC,621,28.7,22.1,0.027,0.017,3.709,0.489,1.694
2017-08-01 19:00:44 UTC,622,28.7,22.1,0.026,0.015,3.707,0.489,1.694
2017-08-01 19:01:47 UTC,623,28.6,22.0,0.026,0.015,3.707,0.489,1.694
2017-08-01 19:02:49 UTC,624,28.6,22.3,0.024,0.014,3.704,0.489,1.693
2017-08-01 19:03:52 UTC,625,28.7,22.4,0.024,0.014,3.704,0.489,1.694
2017-08-01 19:04:55 UTC,626,28.6,22.3,0.023,0.013,3.703,0.489,1.694
2017-08-01 19:05:58 UTC,627,28.6,22.4,0.022,0.013,3.702,0.489,1.694
2017-08-01 19:07:01 UTC,628,28.5,22.7,0.021,0.013,3.701,0.489,1.694
2017-08-01 19:08:04 UTC,629,28.5,23.0,0.020,0.012,3.700,0.489,1.694
2017-08-01 19:09:07 UTC,630,28.4,23.1,0.019,0.012,3.698,0.489,1.694
2017-08-01 19:10:10 UTC,631,28.4,23.2,0.019,0.012,3.697,0.489,1.694
2017-08-01 19:11:13 UTC,632,28.2,23.4,0.018,0.011,3.698,0.489,1.694
2017-08-01 19:12:16 UTC,633,28.2,23.5,0.018,0.011,3.696,0.490,1.694
2017-08-01 19:13:18 UTC,634,28.1,23.3,0.017,0.010,3.696,0.489,1.694
2017-08-01 19:14:21 UTC,635,28.0,23.6,0.017,0.010,3.695,0.490,1.694
2017-08-01 19:15:23 UTC,636,28.0,23.6,0.016,0.010,3.695,0.489,1.694
2017-08-01 19:16:26 UTC,637,28.0,23.6,0.016,0.009,3.693,0.489,1.694
2017-08-01 19:17:28 UTC,638,28.0,23.5,0.015,0.009,3.692,0.490,1.694
2017-08-01 19:18:32 UTC,639,27.9,23.9,0.015,0.009,3.691,0.489,1.694
2017-08-01 19:19:35 UTC,640,27.8,24.0,0.014,0.008,3.690,0.489,1.694
2017-08-01 19:20:37 UTC,641,27.7,23.9,0.014,0.008,3.690,0.489,1.693
2017-08-01 19:21:40 UTC,642,27.7,24.3,0.014,0.008,3.688,0.489,1.694
2017-08-01 19:22:43 UTC,643,27.6,24.6,0.014,0.008,3.687,0.489,1.694
2017-08-01 19:23:45 UTC,644,27.5,24.3,0.014,0.008,3.686,0.490,1.694
2017-08-01 19:24:48 UTC,645,27.4,24.5,0.014,0.008,3.685,0.489,1.694
2017-08-01 19:25:50 UTC,646,27.4,24.4,0.014,0.008,3.684,0.489,1.693
2017-08-01 19:26:53 UTC,647,27.4,24.6,0.014,0.007,3.684,0.489,1.694
2017-08-01 19:27:55 UTC,648,27.4,24.5,0.014,0.007,3.683,0.489,1.694
2017-08-01 19:28:59 UTC,649,27.4,24.3,0.013,0.007,3.682,0.489,1.694
2017-08-02 05:03:23 UTC,650,17.7,53.5,0.009,0.004,3.603,0.490,1.695
2017-08-02 05:15:08 UTC,651,17.8,53.2,0.013,0.008,3.477,0.490,1.695
2017-08-02 05:16:12 UTC,652,17.8,53.2,0.014,0.008,3.476,0.490,1.695
2017-08-02 05:17:14 UTC,653,17.8,53.2,0.014,0.008,3.474,0.490,1.694
2017-08-02 05:18:18 UTC,654,17.8,52.4,0.014,0.009,3.475,0.490,1.695
2017-08-02 05:19:20 UTC,655,17.8,52.2,0.015,0.009,3.473,0.490,1.694
2017-08-02 05:20:23 UTC,656,17.8,52.3,0.015,0.010,3.473,0.490,1.695
2017-08-02 05:21:26 UTC,657,17.8,51.9,0.016,0.010,3.471,0.490,1.694
2017-08-02 05:22:28 UTC,658,17.8,51.9,0.017,0.011,3.470,0.490,1.695
2017-08-02 05:23:32 UTC,659,17.8,52.0,0.018,0.011,3.470,0.490,1.695
2017-08-02 05:24:33 UTC,660,17.9,51.6,0.019,0.012,3.465,0.490,1.694
2017-08-02 05:25:37 UTC,661,17.9,51.9,0.020,0.013,3.469,0.490,1.695
2017-08-02 05:26:40 UTC,662,17.9,52.1,0.021,0.013,3.466,0.490,1.694
2017-08-02 05:27:43 UTC,663,17.9,51.9,0.022,0.014,3.470,0.490,1.694
2017-08-02 05:28:45 UTC,664,17.9,51.7,0.023,0.015,3.470,0.490,1.695
2017-08-02 05:29:48 UTC,665,18.0,51.9,0.024,0.015,3.470,0.490,1.695
2017-08-02 05:30:50 UTC,666,18.0,52.3,0.025,0.016,3.458,0.490,1.695
2017-08-02 05:31:52 UTC,667,18.0,51.7,0.026,0.017,3.470,0.490,1.695
2017-08-02 05:32:55 UTC,668,18.1,51.4,0.027,0.017,3.480,0.490,1.695
2017-08-02 05:33:59 UTC,669,18.1,51.7,0.028,0.018,3.472,0.490,1.695
2017-08-02 05:35:02 UTC,670,18.1,51.4,0.029,0.019,3.470,0.490,1.695
2017-08-02 05:36:04 UTC,671,18.1,51.9,0.030,0.019,3.469,0.490,1.694
2017-08-02 05:37:08 UTC,672,18.1,51.4,0.031,0.020,3.470,0.490,1.695
2017-08-02 05:38:10 UTC,673,18.2,51.7,0.032,0.021,3.467,0.490,1.695
2017-08-02 05:39:12 UTC,674,18.3,51.2,0.032,0.022,3.454,0.490,1.695
2017-08-02 05:40:15 UTC,675,18.3,50.8,0.034,0.023,3.467,0.490,1.694
2017-08-02 05:41:18 UTC,676,18.4,50.6,0.034,0.023,3.462,0.490,1.695
2017-08-02 05:42:21 UTC,677,18.4,50.5,0.035,0.024,3.467,0.490,1.694
2017-08-02 05:43:24 UTC,678,18.5,50.8,0.036,0.025,3.466,0.490,1.695
2017-08-02 05:44:26 UTC,679,18.5,50.6,0.037,0.025,3.466,0.490,1.695
2017-08-02 05:45:30 UTC,680,18.6,50.5,0.038,0.026,3.465,0.490,1.694
2017-08-02 05:46:32 UTC,681,18.6,50.6,0.039,0.027,3.465,0.490,1.695
2017-08-02 05:47:35 UTC,682,18.6,50.9,0.039,0.027,3.465,0.490,1.695
2017-08-02 05:48:38 UTC,683,18.6,50.8,0.039,0.027,3.465,0.490,1.694
2017-08-02 05:49:40 UTC,684,18.7,50.4,0.040,0.028,3.465,0.490,1.695
2017-08-02 05:50:43 UTC,685,18.7,50.4,0.041,0.029,3.463,0.490,1.695
2017-08-02 05:51:46 UTC,686,18.8,50.4,0.042,0.029,3.462,0.490,1.695
2017-08-02 05:52:48 UTC,687,18.8,50.3,0.043,0.030,3.463,0.490,1.695
2017-08-02 05:53:51 UTC,688,18.8,50.1,0.044,0.030,3.462,0.490,1.694
2017-08-02 05:54:54 UTC,689,18.8,50.5,0.045,0.031,3.462,0.490,1.695
2017-08-02 05:55:57 UTC,690,18.8,51.0,0.046,0.032,3.463,0.490,1.695
2017-08-02 05:56:59 UTC,691,18.9,50.4,0.047,0.032,3.463,0.490,1.695
2017-08-02 05:58:03 UTC,692,18.9,50.4,0.048,0.033,3.463,0.490,1.694
2017-08-02 05:59:06 UTC,693,18.9,50.6,0.049,0.034,3.464,0.490,1.695
2017-08-02 06:00:11 UTC,694,19.0,50.5,0.050,0.034,3.462,0.490,1.695
2017-08-02 06:01:12 UTC,695,19.0,51.2,0.051,0.035,3.463,0.490,1.695
2017-08-02 06:02:15 UTC,696,19.0,51.4,0.052,0.035,3.463,0.490,1.695
2017-08-02 06:03:17 UTC,697,19.1,50.7,0.053,0.035,3.462,0.490,1.695
2017-08-02 06:04:20 UTC,698,19.1,51.4,0.054,0.036,3.460,0.490,1.695
2017-08-02 06:05:24 UTC,699,19.1,51.4,0.055,0.036,3.464,0.490,1.694
2017-08-02 06:06:26 UTC,700,19.2,51.8,0.056,0.037,3.463,0.490,1.694
2017-08-02 06:07:29 UTC,701,19.2,51.8,0.057,0.037,3.465,0.490,1.695
2017-08-02 06:08:32 UTC,702,19.2,51.8,0.057,0.037,3.463,0.490,1.695
2017-08-02 06:09:35 UTC,703,19.3,51.7,0.058,0.038,3.458,0.490,1.695
2017-08-02 06:10:38 UTC,704,19.3,51.9,0.059,0.038,3.453,0.490,1.695
2017-08-02 06:11:41 UTC,705,19.3,51.7,0.060,0.039,3.460,0.490,1.694
2017-08-02 06:12:44 UTC,706,19.3,52.5,0.060,0.039,3.459,0.490,1.695
2017-08-02 06:13:46 UTC,707,19.4,51.6,0.061,0.040,3.460,0.490,1.695
2017-08-02 06:14:50 UTC,708,19.4,51.6,0.062,0.040,3.460,0.490,1.695
2017-08-02 06:15:51 UTC,709,19.4,52.5,0.062,0.040,3.460,0.490,1.694
2017-08-02 06:16:54 UTC,710,19.5,52.3,0.063,0.041,3.459,0.490,1.695
2017-08-02 06:17:56 UTC,711,19.5,52.1,0.063,0.042,3.460,0.490,1.695
2017-08-02 06:18:59 UTC,712,19.6,51.6,0.064,0.043,3.460,0.490,1.695
2017-08-02 06:20:01 UTC,713,19.6,51.6,0.065,0.043,3.459,0.490,1.694
2017-08-02 06:21:03 UTC,714,19.7,51.4,0.065,0.044,3.461,0.490,1.695
2017-08-02 06:22:08 UTC,715,19.7,52.1,0.066,0.045,3.459,0.490,1.694
2017-08-02 06:23:10 UTC,716,19.8,52.2,0.067,0.046,3.456,0.490,1.695
2017-08-02 06:24:13 UTC,717,19.8,52.3,0.067,0.046,3.454,0.490,1.695
2017-08-02 06:25:16 UTC,718,19.9,52.4,0.068,0.046,3.456,0.490,1.694
2017-08-02 06:26:18 UTC,719,20.0,52.3,0.069,0.048,3.456,0.490,1.695
2017-08-02 06:27:20 UTC,720,20.0,52.7,0.069,0.049,3.452,0.490,1.695
2017-08-02 06:28:24 UTC,721,20.1,52.3,0.070,0.049,3.455,0.490,1.695
2017-08-02 06:29:27 UTC,722,20.1,52.5,0.071,0.051,3.458,0.490,1.695
2017-08-02 06:30:30 UTC,723,20.1,52.0,0.072,0.051,3.456,0.490,1.695
2017-08-02 06:31:33 UTC,724,20.2,53.2,0.072,0.052,3.457,0.490,1.695
2017-08-02 06:32:36 UTC,725,20.4,53.3,0.073,0.053,3.457,0.490,1.695
2017-08-02 06:33:39 UTC,726,20.7,51.9,0.074,0.054,3.458,0.490,1.694
2017-08-02 06:34:41 UTC,727,20.9,51.5,0.074,0.054,3.458,0.490,1.695
2017-08-02 06:35:44 UTC,728,21.0,51.4,0.075,0.054,3.459,0.490,1.695
2017-08-02 06:36:47 UTC,729,21.1,50.9,0.075,0.055,3.459,0.490,1.694
2017-08-02 06:37:50 UTC,730,21.2,50.7,0.076,0.055,3.461,0.490,1.695
2017-08-02 06:38:53 UTC,731,21.3,50.4,0.077,0.056,3.457,0.490,1.695
2017-08-02 06:39:56 UTC,732,21.4,50.2,0.077,0.057,3.456,0.490,1.695
2017-08-02 06:40:58 UTC,733,21.5,49.8,0.077,0.057,3.456,0.490,1.695
2017-08-02 06:42:01 UTC,734,21.6,49.2,0.078,0.058,3.454,0.490,1.695
2017-08-02 06:43:05 UTC,735,21.6,49.1,0.078,0.058,3.457,0.490,1.695
2017-08-02 06:44:07 UTC,736,21.6,48.8,0.079,0.059,3.456,0.490,1.695
2017-08-02 06:45:09 UTC,737,21.7,48.8,0.080,0.059,3.455,0.490,1.695
2017-08-02 06:46:12 UTC,738,21.7,48.9,0.081,0.060,3.454,0.490,1.695
2017-08-02 06:47:16 UTC,739,21.8,48.6,0.081,0.061,3.452,0.490,1.695
2017-08-02 06:48:18 UTC,740,21.9,48.4,0.082,0.061,3.450,0.490,1.695
2017-08-02 06:49:21 UTC,741,22.0,48.2,0.083,0.062,3.453,0.490,1.695
2017-08-02 06:50:24 UTC,742,22.0,48.0,0.084,0.063,3.453,0.490,1.694
2017-08-02 06:51:27 UTC,743,22.0,48.4,0.085,0.063,3.454,0.490,1.695
2017-08-02 06:52:30 UTC,744,22.0,48.2,0.086,0.064,3.456,0.490,1.695
2017-08-02 06:53:32 UTC,745,22.0,48.6,0.087,0.064,3.454,0.490,1.695
2017-08-02 06:54:35 UTC,746,22.1,48.6,0.088,0.065,3.453,0.490,1.695
2017-08-02 06:55:38 UTC,747,22.1,48.4,0.088,0.066,3.452,0.490,1.695
2017-08-02 06:56:41 UTC,748,22.1,48.5,0.089,0.067,3.450,0.490,1.695
2017-08-02 06:57:44 UTC,749,22.1,48.1,0.090,0.067,3.452,0.490,1.695
2017-08-02 06:58:47 UTC,750,22.1,48.2,0.090,0.068,3.452,0.490,1.695
2017-08-02 06:59:50 UTC,751,22.2,48.5,0.092,0.069,3.450,0.490,1.695
2017-08-02 07:00:52 UTC,752,22.2,48.9,0.094,0.070,3.450,0.490,1.695
2017-08-02 07:01:55 UTC,753,22.3,49.2,0.096,0.073,3.447,0.490,1.695
2017-08-02 07:02:57 UTC,754,22.4,50.2,0.099,0.142,3.442,0.490,1.695
2017-08-02 07:04:00 UTC,755,22.5,49.6,0.119,0.270,3.449,0.490,1.694
2017-08-02 07:05:03 UTC,756,22.7,48.9,0.171,0.390,3.444,0.490,1.694
2017-08-02 07:06:05 UTC,757,23.1,48.2,0.242,0.445,3.445,0.490,1.694
2017-08-02 07:07:09 UTC,758,23.6,46.7,0.299,0.453,3.447,0.490,1.694
2017-08-02 07:08:12 UTC,759,24.4,44.6,0.322,0.463,3.453,0.490,1.695
2017-08-02 07:09:15 UTC,760,25.1,43.0,0.330,0.471,3.458,0.490,1.695
2017-08-02 07:10:17 UTC,761,25.7,41.3,0.338,0.475,3.461,0.490,1.695
2017-08-02 07:11:21 UTC,762,26.3,40.0,0.346,0.485,3.462,0.490,1.695
2017-08-02 07:12:24 UTC,763,26.9,38.6,0.353,0.491,3.463,0.490,1.695
2017-08-02 07:13:26 UTC,764,27.4,37.7,0.360,0.496,3.464,0.490,1.695
2017-08-02 07:14:29 UTC,765,27.8,36.9,0.369,0.503,3.466,0.490,1.695
2017-08-02 07:15:32 UTC,766,28.3,35.8,0.374,0.509,3.464,0.490,1.694
2017-08-02 07:16:35 UTC,767,28.6,35.4,0.384,0.517,3.467,0.490,1.695
2017-08-02 07:17:38 UTC,768,28.8,35.0,0.392,0.524,3.471,0.490,1.695
2017-08-02 07:18:41 UTC,769,28.9,34.5,0.399,0.529,3.467,0.490,1.695
2017-08-02 07:19:43 UTC,770,29.1,33.8,0.407,0.537,3.470,0.490,1.694
2017-08-02 07:20:47 UTC,771,29.3,33.5,0.416,0.545,3.470,0.490,1.694
2017-08-02 07:21:49 UTC,772,29.4,33.5,0.423,0.551,3.475,0.490,1.695
2017-08-02 07:22:52 UTC,773,29.7,33.4,0.432,0.558,3.474,0.490,1.695
2017-08-02 07:23:55 UTC,774,30.2,32.7,0.441,0.564,3.476,0.490,1.694
2017-08-02 07:24:57 UTC,775,30.3,32.7,0.448,0.570,3.477,0.490,1.695
2017-08-02 07:25:59 UTC,776,30.7,32.4,0.455,0.575,3.479,0.490,1.695
2017-08-02 07:27:01 UTC,777,30.9,32.0,0.469,0.583,3.479,0.490,1.694
2017-08-02 07:28:05 UTC,778,31.1,31.7,0.476,0.592,3.480,0.490,1.694
2017-08-02 07:29:08 UTC,779,31.5,31.1,0.484,0.597,3.481,0.490,1.695
2017-08-02 07:30:11 UTC,780,31.8,30.5,0.494,0.603,3.482,0.490,1.695
2017-08-02 07:31:13 UTC,781,32.1,30.0,0.501,0.609,3.482,0.490,1.694
2017-08-02 07:32:19 UTC,782,32.2,29.8,0.510,0.618,3.484,0.490,1.694
2017-08-02 07:33:19 UTC,783,32.7,29.2,0.519,0.626,3.483,0.490,1.695
2017-08-02 07:34:22 UTC,784,33.4,28.9,0.529,0.636,3.486,0.490,1.695
2017-08-02 07:35:26 UTC,785,33.7,28.5,0.536,0.642,3.485,0.490,1.695
2017-08-02 07:36:28 UTC,786,33.9,27.8,0.546,0.651,3.487,0.490,1.694
2017-08-02 07:37:31 UTC,787,34.0,27.8,0.553,0.656,3.489,0.490,1.695
2017-08-02 07:38:34 UTC,788,34.1,27.9,0.562,0.664,3.488,0.490,1.694
2017-08-02 07:39:37 UTC,789,34.3,27.3,0.567,0.666,3.490,0.490,1.695
2017-08-02 07:40:40 UTC,790,34.4,27.3,0.577,0.675,3.492,0.490,1.695
2017-08-02 07:41:43 UTC,791,34.6,27.0,0.585,0.680,3.492,0.490,1.694
2017-08-02 07:42:46 UTC,792,34.7,26.7,0.594,0.688,3.495,0.490,1.695
2017-08-02 07:43:48 UTC,793,35.1,26.3,0.604,0.699,3.495,0.490,1.694
2017-08-02 07:44:51 UTC,794,35.2,26.2,0.612,0.702,3.496,0.490,1.695
2017-08-02 07:45:54 UTC,795,35.5,26.0,0.623,0.713,3.498,0.490,1.695
2017-08-02 07:46:56 UTC,796,35.4,26.3,0.628,0.716,3.499,0.490,1.695
2017-08-02 07:47:59 UTC,797,35.9,25.7,0.636,0.721,3.499,0.490,1.694
2017-08-02 07:49:03 UTC,798,36.3,25.3,0.642,0.726,3.501,0.490,1.694
2017-08-02 07:50:08 UTC,799,36.6,24.8,0.650,0.731,3.502,0.490,1.695
2017-08-02 07:51:09 UTC,800,36.6,24.3,0.661,0.742,3.504,0.490,1.695
2017-08-02 07:52:10 UTC,801,36.8,24.1,0.671,0.751,3.504,0.490,1.694
2017-08-02 07:53:14 UTC,802,36.5,24.4,0.678,0.756,3.504,0.490,1.694
2017-08-02 07:54:17 UTC,803,36.8,24.1,0.688,0.765,3.506,0.490,1.695
2017-08-02 07:55:20 UTC,804,37.2,23.7,0.693,0.768,3.506,0.490,1.695
2017-08-02 07:56:22 UTC,805,37.4,23.4,0.703,0.776,3.507,0.490,1.694
2017-08-02 07:57:25 UTC,806,37.8,22.9,0.708,0.781,3.508,0.490,1.694
2017-08-02 07:58:29 UTC,807,38.1,22.7,0.717,0.789,3.509,0.490,1.694
2017-08-02 07:59:31 UTC,808,38.2,22.6,0.727,0.797,3.509,0.490,1.694
2017-08-02 08:00:34 UTC,809,38.7,22.1,0.733,0.804,3.511,0.490,1.694
2017-08-02 08:01:37 UTC,810,38.8,21.9,0.742,0.808,3.512,0.490,1.694
2017-08-02 08:02:43 UTC,811,38.5,22.3,0.753,0.819,3.514,0.490,1.695
2017-08-02 08:03:43 UTC,812,38.3,22.6,0.762,0.829,3.515,0.490,1.695
2017-08-02 08:04:46 UTC,813,38.9,22.1,0.771,0.834,3.514,0.490,1.694
2017-08-02 08:05:49 UTC,814,39.2,21.9,0.780,0.842,3.515,0.490,1.694
2017-08-02 08:06:51 UTC,815,39.5,21.5,0.786,0.847,3.517,0.490,1.694
2017-08-02 08:07:54 UTC,816,40.0,21.1,0.795,0.855,3.517,0.490,1.694
2017-08-02 08:08:58 UTC,817,40.3,20.8,0.805,0.862,3.518,0.490,1.694
2017-08-02 08:10:00 UTC,818,40.0,21.0,0.811,0.867,3.519,0.490,1.695
2017-08-02 08:11:04 UTC,819,40.1,20.9,0.816,0.876,3.519,0.490,1.694
2017-08-02 08:12:07 UTC,820,40.3,20.6,0.824,0.883,3.521,0.490,1.694
2017-08-02 08:13:09 UTC,821,40.4,20.6,0.833,0.892,3.521,0.490,1.694
2017-08-02 08:14:12 UTC,822,40.8,20.2,0.843,0.899,3.522,0.490,1.694
2017-08-02 08:15:15 UTC,823,41.0,20.0,0.854,0.908,3.523,0.490,1.694
2017-08-02 08:16:17 UTC,824,41.4,19.6,0.864,0.916,3.523,0.490,1.694
2017-08-02 08:17:20 UTC,825,41.9,19.1,0.871,0.920,3.524,0.490,1.694
2017-08-02 08:18:23 UTC,826,42.3,18.8,0.884,0.926,3.524,0.490,1.695
2017-08-02 08:19:26 UTC,827,42.6,18.5,0.890,0.930,3.523,0.490,1.694
2017-08-02 08:20:28 UTC,828,42.6,18.5,0.898,0.935,3.524,0.490,1.694
2017-08-02 08:21:31 UTC,829,42.8,18.3,0.907,0.940,3.524,0.490,1.694
2017-08-02 08:22:33 UTC,830,43.0,18.2,0.919,0.951,3.525,0.490,1.694
2017-08-02 08:23:36 UTC,831,43.4,17.9,0.930,0.958,3.526,0.490,1.694
2017-08-02 08:24:39 UTC,832,43.5,17.8,0.939,0.964,3.527,0.490,1.694
2017-08-02 08:25:43 UTC,833,43.7,17.4,0.949,0.969,3.527,0.490,1.694
2017-08-02 08:26:45 UTC,834,43.5,17.7,0.958,0.974,3.528,0.490,1.694
2017-08-02 08:27:48 UTC,835,43.7,17.5,0.964,0.978,3.527,0.490,1.694
2017-08-02 08:28:51 UTC,836,44.1,17.3,0.973,0.985,3.529,0.490,1.695
2017-08-02 08:29:53 UTC,837,44.5,16.9,0.984,0.991,3.528,0.490,1.694
2017-08-02 08:30:56 UTC,838,44.9,16.5,0.994,0.998,3.529,0.490,1.694
2017-08-02 08:31:59 UTC,839,44.9,16.5,1.004,1.006,3.530,0.490,1.695
2017-08-02 08:33:01 UTC,840,45.0,16.4,1.011,1.010,3.530,0.490,1.694
2017-08-02 08:34:04 UTC,841,45.3,16.2,1.016,1.015,3.531,0.490,1.694
2017-08-02 08:35:07 UTC,842,45.6,16.1,1.026,1.022,3.530,0.490,1.694
2017-08-02 08:36:09 UTC,843,45.8,15.9,1.034,1.029,3.531,0.490,1.694
2017-08-02 08:37:12 UTC,844,46.0,15.7,1.041,1.036,3.531,0.489,1.694
2017-08-02 08:38:14 UTC,845,46.0,15.9,1.049,1.038,3.531,0.490,1.694
2017-08-02 08:39:17 UTC,846,45.9,15.8,1.063,1.045,3.531,0.490,1.694
2017-08-02 08:40:21 UTC,847,45.2,16.4,1.073,1.051,3.532,0.490,1.694
2017-08-02 08:41:23 UTC,848,45.7,16.1,1.075,1.058,3.532,0.490,1.694
2017-08-02 08:42:26 UTC,849,46.2,15.8,1.075,1.062,3.533,0.490,1.694
2017-08-02 08:43:29 UTC,850,46.7,15.3,1.070,1.066,3.533,0.490,1.694
2017-08-02 08:44:31 UTC,851,47.1,15.0,1.057,1.069,3.534,0.490,1.694
2017-08-02 08:45:36 UTC,852,47.4,14.8,1.054,1.075,3.534,0.490,1.694
2017-08-02 08:46:38 UTC,853,47.6,14.7,1.052,1.088,3.537,0.490,1.694
2017-08-02 08:47:40 UTC,854,47.8,14.5,1.058,1.092,3.558,0.490,1.694
2017-08-02 08:48:43 UTC,855,47.3,14.8,1.040,1.095,3.559,0.490,1.694
2017-08-02 08:49:47 UTC,856,47.5,14.8,1.055,1.103,3.541,0.490,1.694
2017-08-02 08:50:49 UTC,857,47.5,14.7,1.052,1.113,3.563,0.490,1.695
2017-08-02 08:51:52 UTC,858,47.8,14.4,1.047,1.121,3.565,0.490,1.694
2017-08-02 08:52:55 UTC,859,47.9,14.5,1.057,1.127,3.566,0.490,1.695
2017-08-02 08:53:57 UTC,860,47.5,14.7,1.073,1.134,3.566,0.490,1.695
2017-08-02 08:55:00 UTC,861,47.1,15.0,1.079,1.138,3.567,0.490,1.695
2017-08-02 08:56:02 UTC,862,47.1,15.0,1.070,1.140,3.569,0.490,1.696
2017-08-02 08:57:05 UTC,863,47.1,14.8,1.078,1.145,3.569,0.490,1.696
2017-08-02 08:58:09 UTC,864,47.2,14.7,1.087,1.157,3.571,0.490,1.695
2017-08-02 08:59:11 UTC,865,47.6,14.5,1.086,1.162,3.572,0.490,1.695
2017-08-02 09:00:17 UTC,866,48.1,14.1,1.091,1.166,3.574,0.490,1.695
2017-08-02 09:01:17 UTC,867,48.0,13.8,1.101,1.176,3.574,0.490,1.695
2017-08-02 09:02:20 UTC,868,47.6,14.4,1.118,1.183,3.575,0.490,1.694
2017-08-02 09:03:23 UTC,869,47.0,14.6,1.128,1.190,3.576,0.490,1.694
2017-08-02 09:04:27 UTC,870,47.3,14.5,1.143,1.197,3.577,0.490,1.694
2017-08-02 09:05:27 UTC,871,47.9,14.1,1.154,1.206,3.579,0.489,1.694
2017-08-02 09:06:30 UTC,872,48.7,13.7,1.168,1.213,3.579,0.490,1.694
2017-08-02 09:07:34 UTC,873,48.8,13.5,1.190,1.218,3.580,0.489,1.694
2017-08-02 09:08:36 UTC,874,48.4,13.8,1.188,1.222,3.580,0.489,1.694
2017-08-02 09:09:39 UTC,875,48.7,13.5,1.215,1.230,3.582,0.490,1.694
2017-08-02 09:10:42 UTC,876,47.8,14.0,1.230,1.236,3.583,0.489,1.693
2017-08-02 09:11:44 UTC,877,48.1,13.8,1.231,1.244,3.586,0.489,1.693
2017-08-02 09:12:48 UTC,878,49.0,13.3,1.235,1.246,3.587,0.489,1.694
2017-08-02 09:13:50 UTC,879,49.2,13.1,1.210,1.253,3.590,0.490,1.694
2017-08-02 09:14:53 UTC,880,50.1,12.5,1.215,1.261,3.591,0.489,1.694
2017-08-02 09:15:55 UTC,881,49.7,12.5,1.214,1.267,3.594,0.490,1.694
2017-08-02 09:16:59 UTC,882,50.7,12.1,1.213,1.269,3.595,0.490,1.694
2017-08-02 09:18:02 UTC,883,51.4,11.7,1.245,1.272,3.595,0.490,1.694
2017-08-02 09:19:05 UTC,884,51.8,11.4,1.269,1.279,3.596,0.490,1.694
2017-08-02 09:20:08 UTC,885,51.3,11.6,1.268,1.288,3.598,0.490,1.693
2017-08-02 09:21:10 UTC,886,51.7,11.5,1.276,1.292,3.599,0.490,1.694
2017-08-02 09:22:13 UTC,887,51.8,11.4,1.270,1.296,3.603,0.490,1.694
2017-08-02 09:23:15 UTC,888,51.8,11.3,1.268,1.305,3.605,0.489,1.694
2017-08-02 09:24:19 UTC,889,52.0,11.2,1.295,1.309,3.607,0.490,1.694
2017-08-02 09:25:21 UTC,890,52.3,11.0,1.310,1.312,3.607,0.490,1.694
2017-08-02 09:26:24 UTC,891,52.1,11.2,1.355,1.319,3.609,0.490,1.694
2017-08-02 09:27:29 UTC,892,52.7,10.8,1.355,1.323,3.611,0.489,1.693
2017-08-02 09:28:29 UTC,893,53.2,10.6,1.331,1.329,3.614,0.489,1.694
2017-08-02 09:29:32 UTC,894,53.5,10.4,1.302,1.334,3.617,0.489,1.694
2017-08-02 09:30:36 UTC,895,53.7,10.2,1.288,1.337,3.619,0.489,1.694
2017-08-02 09:31:38 UTC,896,54.0,10.1,1.283,1.340,3.622,0.489,1.694
2017-08-02 09:32:41 UTC,897,54.3,9.9,1.298,1.348,3.626,0.490,1.694
2017-08-02 09:33:44 UTC,898,54.5,9.8,1.325,1.357,3.628,0.489,1.694
2017-08-02 09:34:46 UTC,899,54.6,9.8,1.337,1.362,3.630,0.490,1.694
2017-08-02 09:35:50 UTC,900,54.8,9.7,1.348,1.368,3.633,0.489,1.694
2017-08-02 09:36:53 UTC,901,55.2,9.5,1.379,1.372,3.634,0.489,1.693
2017-08-02 09:37:56 UTC,902,55.1,9.6,1.404,1.379,3.638,0.489,1.693
2017-08-02 09:38:58 UTC,903,55.2,9.4,1.360,1.388,3.642,0.489,1.694
2017-08-02 09:40:02 UTC,904,55.5,9.4,1.364,1.393,3.646,0.490,1.694
2017-08-02 09:41:04 UTC,905,55.6,9.3,1.340,1.398,3.649,0.489,1.694
2017-08-02 09:42:08 UTC,906,56.0,9.0,1.300,1.401,3.654,0.489,1.693
2017-08-02 09:43:10 UTC,907,56.4,8.9,1.292,1.399,3.655,0.489,1.693
2017-08-02 09:44:13 UTC,908,56.6,8.8,1.253,1.402,3.657,0.489,1.693
2017-08-02 09:45:16 UTC,909,56.7,8.8,1.253,1.412,3.660,0.489,1.693
2017-08-02 09:46:18 UTC,910,56.8,8.6,1.270,1.426,3.664,0.490,1.694
2017-08-02 09:47:21 UTC,911,57.1,8.5,1.259,1.423,3.665,0.489,1.694
2017-08-02 09:48:23 UTC,912,57.3,8.5,1.288,1.427,3.667,0.489,1.694
2017-08-02 09:49:25 UTC,913,57.3,8.3,1.303,1.435,3.669,0.490,1.694
2017-08-02 09:50:29 UTC,914,56.7,8.6,1.306,1.444,3.673,0.490,1.694
2017-08-02 09:51:31 UTC,915,57.0,8.5,1.318,1.451,3.674,0.489,1.693
2017-08-02 09:52:35 UTC,916,57.2,8.4,1.329,1.463,3.678,0.489,1.694
2017-08-02 09:53:37 UTC,917,57.5,8.1,1.351,1.472,3.679,0.489,1.694
2017-08-02 09:54:40 UTC,918,57.4,8.3,1.369,1.469,3.680,0.489,1.694
2017-08-02 09:55:42 UTC,919,56.4,8.6,1.362,1.459,3.682,0.490,1.693
2017-08-02 09:56:45 UTC,920,56.4,8.7,1.373,1.466,3.683,0.489,1.693
2017-08-02 09:57:48 UTC,921,56.4,8.7,1.382,1.475,3.687,0.489,1.694
2017-08-02 09:58:50 UTC,922,56.3,8.7,1.392,1.483,3.690,0.489,1.694
2017-08-02 09:59:52 UTC,923,56.5,8.5,1.400,1.488,3.692,0.489,1.693
2017-08-02 10:00:56 UTC,924,56.6,8.6,1.402,1.490,3.695,0.489,1.694
2017-08-02 10:01:58 UTC,925,57.0,8.3,1.406,1.495,3.697,0.489,1.693
2017-08-02 10:03:00 UTC,926,56.8,8.4,1.413,1.500,3.700,0.490,1.694
2017-08-02 10:04:03 UTC,927,57.4,8.3,1.423,1.506,3.703,0.489,1.693
2017-08-02 10:05:06 UTC,928,57.8,8.1,1.429,1.512,3.705,0.489,1.693
2017-08-02 10:06:09 UTC,929,58.0,8.0,1.440,1.521,3.707,0.489,1.693
2017-08-02 10:07:13 UTC,930,58.2,8.0,1.451,1.528,3.709,0.489,1.693
2017-08-02 10:08:14 UTC,931,58.8,7.8,1.465,1.535,3.711,0.489,1.693
2017-08-02 10:09:18 UTC,932,59.3,7.5,1.501,1.543,3.714,0.489,1.693
2017-08-02 10:10:21 UTC,933,59.7,7.4,1.516,1.547,3.715,0.489,1.693
2017-08-02 10:11:23 UTC,934,60.1,7.4,1.466,1.550,3.720,0.489,1.693
2017-08-02 10:12:26 UTC,935,60.6,7.0,1.433,1.548,3.724,0.489,1.694
2017-08-02 10:13:30 UTC,936,60.7,7.0,1.402,1.553,3.726,0.489,1.693
2017-08-02 10:14:32 UTC,937,60.7,7.0,1.430,1.570,3.731,0.489,1.693
2017-08-02 10:15:35 UTC,938,60.3,6.8,1.439,1.576,3.735,0.489,1.693
2017-08-02 10:16:39 UTC,939,60.2,7.0,1.434,1.574,3.737,0.489,1.693
2017-08-02 10:17:41 UTC,940,60.3,6.8,1.432,1.577,3.741,0.489,1.693
2017-08-02 10:18:44 UTC,941,60.6,6.8,1.447,1.582,3.745,0.489,1.693
2017-08-02 10:19:47 UTC,942,60.8,6.5,1.446,1.583,3.747,0.489,1.693
2017-08-02 10:20:50 UTC,943,60.7,6.5,1.442,1.582,3.750,0.489,1.693
2017-08-02 10:21:52 UTC,944,60.5,6.6,1.433,1.578,3.753,0.489,1.693
2017-08-02 10:22:54 UTC,945,60.3,6.8,1.447,1.587,3.756,0.489,1.693
2017-08-02 10:23:58 UTC,946,60.7,6.7,1.454,1.590,3.758,0.489,1.694
2017-08-02 10:25:00 UTC,947,60.9,6.6,1.460,1.589,3.758,0.489,1.693
2017-08-02 10:26:03 UTC,948,61.2,6.6,1.465,1.593,3.759,0.489,1.693
2017-08-02 10:27:06 UTC,949,61.6,6.4,1.486,1.600,3.762,0.489,1.693
2017-08-02 10:28:09 UTC,950,61.7,6.3,1.487,1.605,3.763,0.489,1.693
2017-08-02 10:29:12 UTC,951,61.3,6.4,1.484,1.609,3.760,0.489,1.693
2017-08-02 10:30:15 UTC,952,61.7,6.3,1.491,1.616,3.764,0.489,1.693
2017-08-02 10:31:18 UTC,953,62.1,6.2,1.491,1.615,3.768,0.489,1.693
2017-08-02 10:32:21 UTC,954,62.3,6.2,1.508,1.623,3.771,0.489,1.693
2017-08-02 10:33:23 UTC,955,62.3,6.1,1.505,1.630,3.774,0.489,1.694
2017-08-02 10:34:26 UTC,956,61.7,6.2,1.504,1.641,3.779,0.489,1.693
2017-08-02 10:35:30 UTC,957,60.7,6.5,1.512,1.650,3.785,0.489,1.694
2017-08-02 10:36:32 UTC,958,60.4,6.6,1.510,1.649,3.788,0.489,1.693
2017-08-02 10:37:35 UTC,959,60.0,6.8,1.487,1.635,3.792,0.489,1.694
2017-08-02 10:38:38 UTC,960,60.2,6.7,1.475,1.627,3.795,0.489,1.693
2017-08-02 10:39:41 UTC,961,60.6,6.6,1.467,1.621,3.799,0.489,1.693
2017-08-02 10:40:44 UTC,962,60.6,6.6,1.479,1.631,3.804,0.489,1.693
2017-08-02 10:41:46 UTC,963,61.1,6.4,1.493,1.641,3.808,0.489,1.693
2017-08-02 10:42:50 UTC,964,61.8,6.2,1.504,1.651,3.811,0.489,1.693
2017-08-02 10:43:52 UTC,965,62.2,5.9,1.520,1.660,3.815,0.489,1.693
2017-08-02 10:44:56 UTC,966,62.7,5.8,1.536,1.674,3.820,0.489,1.693
2017-08-02 10:45:59 UTC,967,62.8,5.7,1.562,1.683,3.824,0.489,1.693
2017-08-02 10:47:01 UTC,968,63.3,5.6,1.630,1.689,3.826,0.489,1.693
2017-08-02 10:48:04 UTC,969,63.8,5.5,1.614,1.704,3.826,0.489,1.693
2017-08-02 10:49:06 UTC,970,64.3,5.3,1.653,1.706,3.823,0.489,1.693
2017-08-02 10:50:09 UTC,971,64.2,5.2,1.604,1.706,3.823,0.489,1.693
2017-08-02 10:51:12 UTC,972,64.6,5.2,1.628,1.706,3.827,0.489,1.693
2017-08-02 10:52:15 UTC,973,65.1,5.1,1.627,1.716,3.831,0.489,1.693
2017-08-02 10:53:17 UTC,974,65.5,5.1,1.595,1.714,3.832,0.489,1.693
2017-08-02 10:54:20 UTC,975,65.7,5.0,1.565,1.697,3.833,0.489,1.692
2017-08-02 10:55:24 UTC,976,65.7,4.9,1.552,1.692,3.836,0.489,1.693
2017-08-02 10:56:26 UTC,977,64.7,5.2,1.560,1.713,3.841,0.489,1.693
2017-08-02 10:57:29 UTC,978,63.6,5.4,1.563,1.722,3.845,0.489,1.694
2017-08-02 10:58:32 UTC,979,61.8,5.7,1.553,1.723,3.848,0.489,1.693
2017-08-02 10:59:35 UTC,980,61.8,5.8,1.559,1.728,3.854,0.489,1.693
2017-08-02 11:00:38 UTC,981,62.3,5.7,1.576,1.739,3.858,0.489,1.694
2017-08-02 11:01:41 UTC,982,62.9,5.5,1.583,1.742,3.860,0.489,1.693
2017-08-02 11:02:44 UTC,983,63.3,5.5,1.588,1.747,3.861,0.489,1.693
2017-08-02 11:03:46 UTC,984,63.8,5.5,1.598,1.754,3.863,0.489,1.693
2017-08-02 11:04:50 UTC,985,63.5,5.4,1.616,1.769,3.867,0.489,1.693
2017-08-02 11:05:52 UTC,986,62.7,5.6,1.620,1.775,3.871,0.489,1.693
2017-08-02 11:06:54 UTC,987,63.2,5.5,1.607,1.763,3.871,0.489,1.693
2017-08-02 11:07:58 UTC,988,63.9,5.3,1.601,1.759,3.873,0.489,1.693
2017-08-02 11:09:00 UTC,989,64.5,5.3,1.582,1.747,3.874,0.489,1.694
2017-08-02 11:10:03 UTC,990,65.2,5.2,1.582,1.747,3.875,0.489,1.693
2017-08-02 11:11:05 UTC,991,65.2,4.8,1.588,1.752,3.879,0.489,1.693
2017-08-02 11:12:08 UTC,992,65.2,4.8,1.600,1.761,3.880,0.489,1.693
2017-08-02 11:13:11 UTC,993,65.1,4.8,1.599,1.763,3.881,0.489,1.693
2017-08-02 11:14:13 UTC,994,64.1,4.6,1.597,1.769,3.885,0.489,1.693
2017-08-02 11:15:16 UTC,995,63.6,4.9,1.592,1.773,3.890,0.489,1.693
2017-08-02 11:16:20 UTC,996,64.0,4.9,1.623,1.797,3.890,0.489,1.693
2017-08-02 11:17:22 UTC,997,64.4,4.8,1.621,1.795,3.888,0.489,1.693
2017-08-02 11:18:25 UTC,998,64.6,4.7,1.621,1.794,3.888,0.489,1.693
2017-08-02 11:19:28 UTC,999,65.2,4.5,1.624,1.800,3.886,0.489,1.693
2017-08-02 11:20:31 UTC,1000,65.8,4.3,1.631,1.803,3.889,0.489,1.693
2017-08-02 11:21:34 UTC,1001,65.9,4.0,1.633,1.807,3.888,0.489,1.693
2017-08-02 11:22:37 UTC,1002,66.1,3.9,1.645,1.817,3.888,0.489,1.693
2017-08-02 11:23:39 UTC,1003,66.1,3.8,1.651,1.823,3.890,0.489,1.693
2017-08-02 11:24:43 UTC,1004,65.8,3.9,1.650,1.822,3.890,0.489,1.693
2017-08-02 11:25:46 UTC,1005,65.3,3.9,1.650,1.825,3.889,0.489,1.693
2017-08-02 11:26:48 UTC,1006,65.4,3.9,1.654,1.828,3.889,0.489,1.693
2017-08-02 11:27:51 UTC,1007,65.4,3.8,1.662,1.835,3.889,0.489,1.692
2017-08-02 11:28:55 UTC,1008,65.4,3.7,1.665,1.838,3.890,0.489,1.693
2017-08-02 11:29:57 UTC,1009,64.9,3.7,1.658,1.835,3.888,0.489,1.693
2017-08-02 11:31:00 UTC,1010,65.5,3.7,1.659,1.833,3.888,0.489,1.693
2017-08-02 11:32:03 UTC,1011,66.0,3.4,1.668,1.837,3.887,0.489,1.693
2017-08-02 11:33:06 UTC,1012,66.8,3.4,1.676,1.847,3.890,0.489,1.693
2017-08-02 11:34:08 UTC,1013,67.5,3.3,1.688,1.850,3.890,0.489,1.693
2017-08-02 11:35:12 UTC,1014,67.8,3.2,1.722,1.859,3.886,0.489,1.693
2017-08-02 11:36:15 UTC,1015,68.0,3.1,1.726,1.863,3.885,0.489,1.692
2017-08-02 11:37:18 UTC,1016,68.6,3.1,1.748,1.872,3.887,0.489,1.693
2017-08-02 11:38:21 UTC,1017,68.3,2.9,1.754,1.877,3.882,0.489,1.693
2017-08-02 11:39:24 UTC,1018,68.0,2.8,1.736,1.879,3.880,0.489,1.692
2017-08-02 11:40:27 UTC,1019,68.4,2.5,1.732,1.880,3.877,0.489,1.692
2017-08-02 11:41:30 UTC,1020,68.7,2.5,1.720,1.884,3.854,0.489,1.692
2017-08-02 11:42:32 UTC,1021,68.4,2.7,1.725,1.886,3.870,0.489,1.692
2017-08-02 11:43:35 UTC,1022,68.6,3.0,1.718,1.889,3.863,0.489,1.692
2017-08-02 11:44:39 UTC,1023,68.1,2.6,1.728,1.888,3.869,0.489,1.692
2017-08-02 11:45:41 UTC,1024,68.1,2.6,1.732,1.888,3.876,0.489,1.692
2017-08-02 11:46:44 UTC,1025,67.8,2.7,1.717,1.883,3.870,0.489,1.692
2017-08-02 11:48:50 UTC,1026,66.0,3.0,1.699,1.878,3.876,0.489,1.693
2017-08-02 11:49:55 UTC,1027,66.1,3.1,1.710,1.886,3.875,0.489,1.692
2017-08-02 11:50:56 UTC,1028,65.1,3.2,1.711,1.889,3.876,0.489,1.692
2017-08-02 11:51:59 UTC,1029,64.2,3.4,1.718,1.895,3.879,0.489,1.693
2017-08-02 11:53:01 UTC,1030,62.6,3.5,1.706,1.889,3.879,0.489,1.692
2017-08-02 11:54:04 UTC,1031,62.0,3.7,1.703,1.889,3.884,0.489,1.693
2017-08-02 11:55:07 UTC,1032,62.1,3.5,1.719,1.896,3.885,0.489,1.692
2017-08-02 11:56:10 UTC,1033,63.0,3.2,1.705,1.890,3.885,0.489,1.693
2017-08-02 11:57:12 UTC,1034,62.4,2.5,1.705,1.890,3.883,0.489,1.692
2017-08-02 11:58:15 UTC,1035,62.4,2.6,1.708,1.896,3.885,0.489,1.693
2017-08-02 11:59:17 UTC,1036,63.3,2.7,1.703,1.892,3.885,0.489,1.693
2017-08-02 12:00:21 UTC,1037,64.9,2.5,1.717,1.899,3.886,0.489,1.692
2017-08-02 12:01:23 UTC,1038,66.1,2.1,1.718,1.901,3.883,0.489,1.693
2017-08-02 12:02:26 UTC,1039,67.0,2.3,1.717,1.899,3.884,0.489,1.693
2017-08-02 12:03:29 UTC,1040,67.6,2.1,1.719,1.901,3.883,0.489,1.692
2017-08-02 12:04:32 UTC,1041,67.9,2.2,1.719,1.901,3.880,0.489,1.692
2017-08-02 12:05:34 UTC,1042,68.5,2.1,1.724,1.909,3.877,0.489,1.692
2017-08-02 12:06:38 UTC,1043,69.3,2.0,1.717,1.908,3.877,0.489,1.693
2017-08-02 12:07:41 UTC,1044,69.7,2.0,1.700,1.890,3.877,0.489,1.693
2017-08-02 12:08:43 UTC,1045,70.0,1.9,1.703,1.894,3.877,0.489,1.692
2017-08-02 12:09:45 UTC,1046,70.1,1.8,1.730,1.892,3.877,0.489,1.692
2017-08-02 12:10:48 UTC,1047,68.2,2.0,1.731,1.888,3.879,0.489,1.693
2017-08-02 12:11:51 UTC,1048,67.3,2.2,1.717,1.886,3.881,0.489,1.693
2017-08-02 12:12:54 UTC,1049,66.4,2.3,1.714,1.890,3.880,0.489,1.692
2017-08-02 12:13:57 UTC,1050,64.8,2.6,1.707,1.891,3.883,0.489,1.693
2017-08-02 12:14:59 UTC,1051,63.9,2.7,1.706,1.894,3.884,0.489,1.693
2017-08-02 12:16:01 UTC,1052,63.4,2.8,1.704,1.897,3.884,0.489,1.693
2017-08-02 12:17:05 UTC,1053,64.2,2.8,1.705,1.899,3.884,0.489,1.693
2017-08-02 12:18:08 UTC,1054,63.6,2.7,1.705,1.901,3.883,0.489,1.693
2017-08-02 12:19:10 UTC,1055,64.3,2.8,1.700,1.900,3.884,0.489,1.693
2017-08-02 12:20:13 UTC,1056,65.2,2.7,1.679,1.883,3.884,0.489,1.693
2017-08-02 12:21:16 UTC,1057,65.8,2.7,1.689,1.892,3.883,0.489,1.692
2017-08-02 12:22:19 UTC,1058,65.9,2.7,1.699,1.902,3.884,0.489,1.693
2017-08-02 12:23:22 UTC,1059,66.1,2.7,1.691,1.898,3.884,0.489,1.693
2017-08-02 12:24:25 UTC,1060,65.8,2.8,1.678,1.888,3.885,0.489,1.693
2017-08-02 12:25:27 UTC,1061,64.6,2.8,1.677,1.891,3.886,0.489,1.693
2017-08-02 12:26:29 UTC,1062,65.3,2.8,1.689,1.904,3.885,0.489,1.693
2017-08-02 12:27:33 UTC,1063,66.1,2.6,1.692,1.908,3.884,0.489,1.693
2017-08-02 12:28:35 UTC,1064,67.3,2.3,1.698,1.907,3.884,0.489,1.693
2017-08-02 12:29:39 UTC,1065,67.3,2.2,1.679,1.896,3.882,0.489,1.693
2017-08-02 12:30:42 UTC,1066,67.1,2.4,1.667,1.888,3.884,0.489,1.693
2017-08-02 12:31:45 UTC,1067,68.0,2.2,1.669,1.890,3.882,0.489,1.693
2017-08-02 12:32:49 UTC,1068,68.8,2.1,1.680,1.894,3.882,0.489,1.693
2017-08-02 12:33:50 UTC,1069,69.4,2.0,1.675,1.891,3.872,0.489,1.692
2017-08-02 12:35:56 UTC,1070,68.8,2.2,1.671,1.892,3.861,0.489,1.693
2017-08-02 12:36:58 UTC,1071,67.9,2.3,1.665,1.897,3.858,0.489,1.692
2017-08-02 12:38:00 UTC,1072,67.9,2.4,1.671,1.894,3.871,0.489,1.693
2017-08-02 12:39:04 UTC,1073,68.4,2.3,1.682,1.895,3.882,0.489,1.693
2017-08-02 12:40:07 UTC,1074,68.3,2.3,1.683,1.900,3.883,0.489,1.693
2017-08-02 12:41:10 UTC,1075,68.7,2.1,1.683,1.899,3.883,0.489,1.693
2017-08-02 12:42:13 UTC,1076,69.3,2.1,1.678,1.895,3.883,0.489,1.693
2017-08-02 12:43:15 UTC,1077,68.4,2.0,1.679,1.897,3.884,0.489,1.692
2017-08-02 12:44:18 UTC,1078,68.9,2.0,1.683,1.903,3.884,0.489,1.692
2017-08-02 12:45:20 UTC,1079,67.4,2.0,1.673,1.896,3.880,0.489,1.692
2017-08-02 12:46:23 UTC,1080,62.6,2.9,1.671,1.902,3.882,0.489,1.692
2017-08-02 12:47:26 UTC,1081,61.0,3.4,1.670,1.906,3.885,0.489,1.692
2017-08-02 12:48:28 UTC,1082,61.2,3.3,1.676,1.910,3.885,0.489,1.693
2017-08-02 12:49:31 UTC,1083,62.0,3.2,1.685,1.918,3.885,0.489,1.692
2017-08-02 12:50:34 UTC,1084,62.2,3.1,1.681,1.916,3.885,0.489,1.692
2017-08-02 12:51:37 UTC,1085,62.0,3.1,1.686,1.922,3.885,0.489,1.692
2017-08-02 12:52:40 UTC,1086,60.8,3.3,1.675,1.915,3.887,0.489,1.693
2017-08-02 12:53:42 UTC,1087,60.6,3.5,1.668,1.910,3.886,0.489,1.692
2017-08-02 12:54:46 UTC,1088,62.0,3.2,1.671,1.914,3.887,0.489,1.693
2017-08-02 12:55:48 UTC,1089,60.7,3.6,1.665,1.914,3.888,0.489,1.693
2017-08-02 12:56:50 UTC,1090,60.2,3.7,1.630,1.889,3.888,0.489,1.693
2017-08-02 12:57:54 UTC,1091,59.5,3.7,1.621,1.883,3.885,0.489,1.693
2017-08-02 12:58:56 UTC,1092,57.3,4.1,1.593,1.864,3.891,0.489,1.693
2017-08-02 12:59:57 UTC,1093,55.5,4.6,1.588,1.860,3.891,0.489,1.693
2017-08-02 13:01:00 UTC,1094,55.0,4.8,1.590,1.863,3.893,0.489,1.693
2017-08-02 13:02:03 UTC,1095,57.0,4.4,1.601,1.873,3.892,0.489,1.693
2017-08-02 13:03:07 UTC,1096,56.7,4.6,1.587,1.865,3.892,0.489,1.693
2017-08-02 13:04:08 UTC,1097,57.2,4.4,1.525,1.815,3.893,0.489,1.693
2017-08-02 13:05:10 UTC,1098,54.3,5.1,0.161,0.160,3.845,0.489,1.693
2017-08-02 13:06:14 UTC,1099,53.4,5.7,1.574,1.861,3.891,0.489,1.692
2017-08-02 13:07:16 UTC,1100,55.0,5.2,1.539,1.832,3.893,0.489,1.693
2017-08-02 13:08:19 UTC,1101,57.7,4.5,1.558,1.848,3.890,0.489,1.692
2017-08-02 13:09:22 UTC,1102,59.6,3.9,1.563,1.848,3.892,0.489,1.693
2017-08-02 13:10:25 UTC,1103,61.0,3.5,1.566,1.852,3.890,0.489,1.692
2017-08-02 13:12:31 UTC,1104,63.0,2.9,1.574,1.857,3.889,0.489,1.692
2017-08-02 13:13:34 UTC,1105,64.0,2.8,1.552,1.840,3.890,0.489,1.693
2017-08-02 13:14:37 UTC,1106,64.4,2.7,1.558,1.850,3.889,0.489,1.693
2017-08-02 13:15:39 UTC,1107,64.2,2.8,1.543,1.838,3.888,0.489,1.692
2017-08-02 13:16:42 UTC,1108,63.0,3.0,1.542,1.841,3.888,0.489,1.693
2017-08-02 13:17:45 UTC,1109,64.0,2.7,1.543,1.844,3.887,0.489,1.693
2017-08-02 13:18:47 UTC,1110,61.7,3.2,1.523,1.834,3.889,0.489,1.693
2017-08-02 13:19:50 UTC,1111,61.4,3.3,1.523,1.830,3.888,0.489,1.692
2017-08-02 13:20:53 UTC,1112,62.0,3.2,1.518,1.829,3.887,0.489,1.693
2017-08-02 13:21:56 UTC,1113,62.8,2.9,1.526,1.837,3.889,0.489,1.693
2017-08-02 13:23:00 UTC,1114,64.1,2.7,1.512,1.826,3.887,0.489,1.693
2017-08-02 13:25:04 UTC,1115,66.0,2.4,1.528,1.838,3.886,0.489,1.692
2017-08-02 13:26:08 UTC,1116,66.3,2.3,1.525,1.836,3.886,0.489,1.692
2017-08-02 13:27:09 UTC,1117,67.2,2.3,1.530,1.846,3.885,0.489,1.692
2017-08-02 13:28:12 UTC,1118,66.0,2.2,1.530,1.846,3.887,0.489,1.692
2017-08-02 13:29:15 UTC,1119,63.2,2.7,1.503,1.830,3.890,0.489,1.693
2017-08-02 13:30:18 UTC,1120,61.0,3.2,1.500,1.830,3.891,0.489,1.693
2017-08-02 13:31:22 UTC,1121,60.9,3.3,1.484,1.819,3.889,0.489,1.692
2017-08-02 13:32:24 UTC,1122,60.0,3.5,1.474,1.810,3.889,0.489,1.693
2017-08-02 13:33:27 UTC,1123,59.0,3.9,1.479,1.821,3.891,0.489,1.693
2017-08-02 13:35:32 UTC,1124,56.6,4.5,1.463,1.816,3.894,0.489,1.693
2017-08-02 13:36:36 UTC,1125,56.5,4.6,1.470,1.825,3.894,0.489,1.693
2017-08-02 13:37:38 UTC,1126,57.3,4.2,1.470,1.824,3.894,0.489,1.693
2017-08-02 13:38:41 UTC,1127,57.6,4.2,1.472,1.829,3.892,0.489,1.692
2017-08-02 13:39:44 UTC,1128,57.7,4.1,1.475,1.832,3.894,0.489,1.693
2017-08-02 13:40:47 UTC,1129,57.7,4.1,1.470,1.830,3.894,0.489,1.693
2017-08-02 13:41:49 UTC,1130,57.2,4.2,1.459,1.823,3.894,0.489,1.693
2017-08-02 13:42:52 UTC,1131,56.1,4.6,1.450,1.818,3.894,0.489,1.693
2017-08-02 13:43:55 UTC,1132,56.9,4.6,1.441,1.811,3.894,0.489,1.693
2017-08-02 13:44:58 UTC,1133,58.9,3.8,1.437,1.808,3.893,0.489,1.693
2017-08-02 13:46:01 UTC,1134,58.5,3.9,1.411,1.786,3.893,0.489,1.693
2017-08-02 13:47:05 UTC,1135,58.3,4.1,1.400,1.781,3.894,0.489,1.693
2017-08-02 13:48:06 UTC,1136,57.7,4.3,1.390,1.775,3.894,0.489,1.693
2017-08-02 13:49:09 UTC,1137,55.7,4.7,1.379,1.767,3.895,0.489,1.693
2017-08-02 13:51:15 UTC,1138,58.1,4.2,1.388,1.773,3.894,0.489,1.693
2017-08-02 13:52:18 UTC,1139,59.1,3.8,1.393,1.779,3.893,0.489,1.693
2017-08-02 13:53:20 UTC,1140,59.5,3.7,1.384,1.773,3.893,0.489,1.693
2017-08-02 13:54:23 UTC,1141,61.1,3.4,1.396,1.783,3.892,0.489,1.693
2017-08-02 13:55:26 UTC,1142,62.7,3.0,1.399,1.789,3.891,0.489,1.692
2017-08-02 13:56:29 UTC,1143,63.8,2.7,1.402,1.795,3.890,0.489,1.692
2017-08-02 13:57:31 UTC,1144,62.6,2.9,1.379,1.777,3.891,0.489,1.692
2017-08-02 13:58:34 UTC,1145,62.6,2.9,1.370,1.773,3.892,0.489,1.693
2017-08-02 13:59:38 UTC,1146,63.3,2.8,1.371,1.774,3.891,0.489,1.693
2017-08-02 14:00:40 UTC,1147,64.4,2.7,1.368,1.775,3.891,0.489,1.693
2017-08-02 14:01:44 UTC,1148,65.3,2.6,1.347,1.758,3.890,0.489,1.693
2017-08-02 14:02:45 UTC,1149,63.6,2.7,1.343,1.759,3.892,0.489,1.693
2017-08-02 14:03:49 UTC,1150,62.4,2.8,1.331,1.752,3.891,0.489,1.693
2017-08-02 14:04:52 UTC,1151,62.6,2.7,1.335,1.758,3.891,0.489,1.693
2017-08-02 14:05:54 UTC,1152,60.5,3.3,1.333,1.760,3.892,0.489,1.693
2017-08-02 14:06:57 UTC,1153,60.5,3.4,1.332,1.762,3.891,0.489,1.693
2017-08-02 14:08:00 UTC,1154,61.2,3.3,1.325,1.756,3.891,0.489,1.693
2017-08-02 14:09:03 UTC,1155,61.7,3.1,1.315,1.750,3.891,0.489,1.692
2017-08-02 14:10:06 UTC,1156,61.2,2.8,1.309,1.746,3.893,0.489,1.693
2017-08-02 14:11:08 UTC,1157,59.9,3.2,1.299,1.743,3.894,0.489,1.693
2017-08-02 14:12:14 UTC,1158,58.7,3.3,1.292,1.741,3.894,0.489,1.693
2017-08-02 14:13:14 UTC,1159,57.7,3.6,1.273,1.732,3.894,0.489,1.693
2017-08-02 14:14:19 UTC,1160,57.6,3.9,1.252,1.715,3.895,0.489,1.693
2017-08-02 14:16:22 UTC,1161,59.4,3.2,1.237,1.705,3.894,0.489,1.693
2017-08-02 14:17:25 UTC,1162,57.9,3.5,1.230,1.701,3.895,0.489,1.693
2017-08-02 14:18:29 UTC,1163,57.1,3.9,1.222,1.692,3.895,0.489,1.693
2017-08-02 14:19:33 UTC,1164,56.9,4.0,1.212,1.683,3.896,0.489,1.693
2017-08-02 14:21:36 UTC,1165,58.1,3.6,1.198,1.676,3.894,0.489,1.692
2017-08-02 14:22:39 UTC,1166,59.3,3.3,1.194,1.674,3.894,0.489,1.693
2017-08-02 14:23:45 UTC,1167,60.1,3.1,1.202,1.681,3.894,0.489,1.693
2017-08-02 14:24:46 UTC,1168,61.1,3.0,1.191,1.676,3.893,0.489,1.692
2017-08-02 14:25:49 UTC,1169,62.2,2.8,1.201,1.685,3.894,0.489,1.692
2017-08-02 14:26:50 UTC,1170,63.2,2.6,1.189,1.674,3.892,0.489,1.692
2017-08-02 14:27:53 UTC,1171,61.8,2.7,1.182,1.671,3.894,0.489,1.693
2017-08-02 14:28:57 UTC,1172,60.8,2.9,1.175,1.669,3.894,0.489,1.693
2017-08-02 14:30:00 UTC,1173,60.0,3.1,1.167,1.666,3.894,0.489,1.693
2017-08-02 14:31:02 UTC,1174,61.3,2.9,1.158,1.655,3.894,0.489,1.693
2017-08-02 14:32:04 UTC,1175,62.2,2.7,1.151,1.650,3.894,0.489,1.693
2017-08-02 14:33:07 UTC,1176,62.8,2.7,1.146,1.648,3.892,0.489,1.692
2017-08-02 14:34:11 UTC,1177,63.4,2.6,1.140,1.638,3.893,0.489,1.693
2017-08-02 14:35:13 UTC,1178,63.5,2.6,1.134,1.637,3.892,0.489,1.692
2017-08-02 14:36:16 UTC,1179,63.5,2.5,1.127,1.629,3.892,0.489,1.693
2017-08-02 14:37:18 UTC,1180,63.0,2.5,1.122,1.629,3.891,0.489,1.692
2017-08-02 14:38:21 UTC,1181,63.3,2.5,1.117,1.624,3.892,0.489,1.693
2017-08-02 14:39:23 UTC,1182,63.6,2.5,1.112,1.619,3.892,0.489,1.693
2017-08-02 14:40:26 UTC,1183,63.9,2.4,1.112,1.623,3.891,0.489,1.692
2017-08-02 14:41:29 UTC,1184,64.3,2.3,1.108,1.618,3.891,0.489,1.692
2017-08-02 14:42:33 UTC,1185,62.5,2.5,1.103,1.616,3.892,0.489,1.693
2017-08-02 14:43:36 UTC,1186,62.3,2.5,1.095,1.608,3.894,0.489,1.692
2017-08-02 14:44:39 UTC,1187,62.6,2.5,1.088,1.600,3.893,0.489,1.693
2017-08-02 14:45:41 UTC,1188,63.2,2.5,1.084,1.596,3.894,0.489,1.693
2017-08-02 14:46:43 UTC,1189,63.1,2.4,1.080,1.595,3.894,0.489,1.693
2017-08-02 14:47:46 UTC,1190,61.7,2.6,1.079,1.595,3.895,0.489,1.693
2017-08-02 14:48:49 UTC,1191,61.2,2.7,1.074,1.591,3.894,0.489,1.692
2017-08-02 14:49:51 UTC,1192,61.6,2.7,1.070,1.589,3.894,0.489,1.692
2017-08-02 14:50:54 UTC,1193,62.2,2.5,1.067,1.587,3.895,0.489,1.692
2017-08-02 14:51:58 UTC,1194,62.4,2.5,1.065,1.586,3.894,0.489,1.692
2017-08-02 14:53:01 UTC,1195,62.5,2.5,1.063,1.585,3.896,0.489,1.693
2017-08-02 14:54:03 UTC,1196,62.6,2.4,1.058,1.583,3.896,0.489,1.692
2017-08-02 14:55:07 UTC,1197,62.6,2.4,1.052,1.577,3.895,0.489,1.692
2017-08-02 14:56:09 UTC,1198,62.4,2.4,1.045,1.571,3.895,0.489,1.693
2017-08-02 14:57:11 UTC,1199,62.4,2.4,1.040,1.564,3.895,0.489,1.692
2017-08-02 14:58:14 UTC,1200,62.7,2.4,1.035,1.561,3.896,0.489,1.692
2017-08-02 14:59:18 UTC,1201,62.6,2.4,1.030,1.551,3.895,0.489,1.692
2017-08-02 15:00:21 UTC,1202,61.0,2.6,1.023,1.544,3.897,0.489,1.693
2017-08-02 15:01:24 UTC,1203,59.1,3.0,1.017,1.538,3.898,0.489,1.693
2017-08-02 15:02:27 UTC,1204,57.5,3.3,1.014,1.535,3.898,0.489,1.693
2017-08-02 15:03:30 UTC,1205,56.7,3.7,1.009,1.531,3.899,0.489,1.693
2017-08-02 15:04:32 UTC,1206,55.8,3.9,1.002,1.526,3.899,0.489,1.693
2017-08-02 15:05:35 UTC,1207,54.8,4.2,0.997,1.521,3.899,0.489,1.692
2017-08-02 15:06:39 UTC,1208,54.1,4.3,0.990,1.517,3.899,0.489,1.693
2017-08-02 15:07:40 UTC,1209,55.7,4.0,0.984,1.508,3.899,0.489,1.692
2017-08-02 15:08:44 UTC,1210,56.8,3.7,0.976,1.500,3.899,0.489,1.693
2017-08-02 15:14:32 UTC,1211,54.3,4.1,0.946,1.474,4.005,0.489,1.693
2017-08-02 15:14:47 UTC,1212,54.2,4.1,0.945,1.473,3.926,0.489,1.692
2017-08-02 15:15:51 UTC,1213,54.9,4.0,0.939,1.467,3.928,0.489,1.693
2017-08-02 15:16:56 UTC,1214,56.0,3.6,0.935,1.462,3.928,0.489,1.693
2017-08-02 15:17:54 UTC,1215,56.8,3.4,0.929,1.455,3.928,0.489,1.693
2017-08-02 15:18:57 UTC,1216,57.6,3.2,0.921,1.447,3.928,0.489,1.693
2017-08-02 15:20:01 UTC,1217,58.5,3.0,0.917,1.444,3.928,0.489,1.693
2017-08-02 15:21:09 UTC,1218,59.3,2.9,0.913,1.439,3.928,0.489,1.693
2017-08-02 15:22:06 UTC,1219,59.5,3.0,0.908,1.434,3.928,0.489,1.693
2017-08-02 15:24:15 UTC,1220,58.5,3.0,0.896,1.424,3.928,0.489,1.693
2017-08-02 15:32:35 UTC,1221,50.7,5.2,0.840,1.377,4.006,0.489,1.693
2017-08-02 15:33:02 UTC,1222,51.3,5.0,0.838,1.375,3.933,0.489,1.693
2017-08-02 15:33:53 UTC,1223,51.5,4.9,0.834,1.373,3.935,0.489,1.693
2017-08-02 15:34:55 UTC,1224,50.4,5.2,0.826,1.363,3.935,0.489,1.693
2017-08-02 15:35:58 UTC,1225,50.4,5.2,0.819,1.354,3.936,0.489,1.693
2017-08-02 15:37:01 UTC,1226,50.5,5.2,0.811,1.347,3.936,0.489,1.694
2017-08-02 15:38:06 UTC,1227,49.8,5.4,0.806,1.341,3.936,0.489,1.693
2017-08-02 15:39:07 UTC,1228,49.4,5.6,0.801,1.339,3.936,0.489,1.693
2017-08-02 15:40:10 UTC,1229,49.0,5.7,0.796,1.335,3.936,0.489,1.693
2017-08-02 15:41:12 UTC,1230,49.3,5.6,0.789,1.328,3.936,0.489,1.693
2017-08-02 15:42:15 UTC,1231,50.5,5.2,0.780,1.319,3.937,0.489,1.693
2017-08-02 15:43:18 UTC,1232,50.7,5.2,0.774,1.311,3.936,0.489,1.694
2017-08-02 15:44:21 UTC,1233,51.0,5.3,0.766,1.303,3.934,0.489,1.693
2017-08-02 15:45:24 UTC,1234,51.8,5.1,0.759,1.294,3.937,0.489,1.693
2017-08-02 15:46:27 UTC,1235,51.2,5.1,0.752,1.284,3.938,0.489,1.693
2017-08-02 15:47:30 UTC,1236,51.2,5.2,0.745,1.275,3.937,0.489,1.693
2017-08-02 15:48:32 UTC,1237,51.4,5.1,0.739,1.271,3.937,0.489,1.693
2017-08-02 15:49:35 UTC,1238,50.7,5.2,0.733,1.267,3.916,0.489,1.693
2017-08-02 15:50:39 UTC,1239,49.5,5.8,0.727,1.261,3.908,0.489,1.693
2017-08-02 15:51:41 UTC,1240,48.4,6.0,0.719,1.251,3.900,0.489,1.693
2017-08-02 15:52:44 UTC,1241,46.8,6.8,0.704,1.240,3.893,0.489,1.693
2017-08-02 15:53:47 UTC,1242,46.5,6.9,0.649,1.234,3.888,0.490,1.694
2017-08-02 15:54:50 UTC,1243,45.1,7.6,0.542,1.229,3.881,0.489,1.693
2017-08-02 15:55:53 UTC,1244,43.3,8.3,0.405,1.221,3.878,0.490,1.693
2017-08-02 15:56:55 UTC,1245,41.9,9.1,0.270,1.169,3.877,0.489,1.693
2017-08-02 15:57:58 UTC,1246,40.5,9.8,0.177,0.899,3.877,0.489,1.693
2017-08-02 15:59:01 UTC,1247,39.6,10.7,0.137,0.516,3.878,0.489,1.693
2017-08-02 16:00:04 UTC,1248,38.8,10.4,0.125,0.191,3.877,0.489,1.693
