"Id";"Designator";"Package";"Quantity";"Designation";"Supplier and ref";
1;"U1";"TSOT-23-5_HandSoldering";1;"AD8538";;;
2;"C1";"C_0805_HandSoldering";1;"0.1u";;;
3;"U2";"MSOP-8_3x3mm_Pitch0.65mm";1;"AD8237";;;
4;"R5";"R_0805_HandSoldering";1;"200K 0.1%";;;
5;"R3";"R_0805_HandSoldering";1;"1K 0.1%";;;
6;"R2";"R_Axial_DIN0207_L6.3mm_D2.5mm_P10.16mm_Horizontal";1;"R2";;;
7;"R1";"R_Axial_DIN0207_L6.3mm_D2.5mm_P10.16mm_Horizontal";1;"R1";;;
8;"R6,R4";"R_0805_HandSoldering";2;"100K";;;
9;"SW1";"SPDT_0S103011MS8QP1";1;"SW_SPDT";;;
10;"J2";"EM366503";1;"Conn_01x03";;;
11;"SW3,SW2";"SP3T_0S103011MS8QP1";2;"SP3T";;;
12;"J1";"Pin_Header_Straight_1x05_Pitch2.54mm";1;"Conn_01x05";;;
13;"G***";"logoUCM";1;"LOGO";;;
14;"U3";"TSOP-6_1.5x3.00mm_Pitch0.95mm_HandSoldering";1;"NTGD1100LT1G";;;
